locus.tag	gene_name	metabolite	sign	mechanism
BSU17890	tkt	DNA_Damage	1	
BSU02950	yceI	Niacin	1	
BSU01650	ybbC	GTP	1	
BSU01650	ybbC	isoleucine	1	
BSU01650	ybbC	valine	1	
BSU01650	ybbC	N-acetylmuramate-6-phosphate	-1	
BSU05810	gmuB	Glucomannan	-1	
BSU05810	gmuB	D-fructose-1,6-bisphosphate	1	
BSU05810	gmuB	Glucose-6-Phosphate	1	
BSU16770	dapA	Lysine	1	
BSU08730	perR	Hydrogen_peroxide::stress	-1	
BSU40480	yycB	Glutamine	-1	
BSU13850	zosA	Hydrogen_peroxide::stress	-1	
BSU15560	pyrE	UTP	1	
BSU15560	pyrE	PRPP	-1	
BSU15560	pyrE	UMP	1	
BSU10480	yhjE	DNA_Damage	1	
BSU14071	fadG	Palmitoyl-CoA	1	
BSU14071	fadG	Oleoyl-CoA	0	
BSU28800	araA	D-fructose-1,6-bisphosphate	1	
BSU28800	araA	Glucose-6-Phosphate	1	
BSU28800	araA	Arabinose	-1	
BSU19360	odhB	D-fructose-1,6-bisphosphate	1	
BSU19360	odhB	Glucose-6-Phosphate	1	
BSU22070	xpt	PRPP	-1	
BSU22070	xpt	Hypoxanthine	-1	
BSU22070	xpt	Guanine	-1	
BSU23380	lysA	Lysine	1	
BSU00950	mrnC	tRNAcys	-1	
BSU19030	yobO	D-fructose-1,6-bisphosphate	1	
BSU19030	yobO	Glucose-6-Phosphate	1	
BSU34910	hisD	Histidine	1	
BSU17900	yneE	DNA_Damage	1	
BSU06620	ligA	DNA_Damage	1	
BSU05390	ydfF	unk	0	
BSU39070	bglS	Salicin	1	
BSU39070	bglS	Arbutin	1	
BSU39070	bglS	D-fructose-1,6-bisphosphate	1	
BSU39070	bglS	Glucose-6-Phosphate	1	
BSU39070	bglS	unk	-1	
BSU22660	trpC	Tryptophan	1	
BSU32730	metN	S-adenosyl-L-methionine	-1	
BSU32730	metN	GTP	1	
BSU32730	metN	isoleucine	1	
BSU32730	metN	valine	1	
BSU11870	metI	S-adenosyl-L-methionine	-1	
BSU11870	metI	GTP	1	
BSU11870	metI	isoleucine	1	
BSU11870	metI	valine	1	
BSU11460	oppD	Glutamine	-1	
BSU11460	oppD	GTP	1	
BSU11460	oppD	isoleucine	1	
BSU11460	oppD	valine	1	
BSU04110	lipC	Glutamine	-1	
BSU04110	lipC	unk	0	
BSU05240	ydeL	unk	0	
BSU30280	amyD	D-fructose-1,6-bisphosphate	1	
BSU30280	amyD	Glucose-6-Phosphate	1	
BSU30280	amyD	unk	-1	
BSU12930	dppB	GTP	1	
BSU12930	dppB	isoleucine	1	
BSU12930	dppB	valine	1	
BSU38390	ywbA	D-fructose-1,6-bisphosphate	1	
BSU38390	ywbA	Glucose-6-Phosphate	1	
BSU38390	ywbA	ribose	-1	
BSU26510	yrkH	unk	0	
BSU14720	ylaB	Thiol_specific_oxidative_stress::stress	1	
BSU32830	fadA	Sdpc	1	
BSU32830	fadA	Palmitoyl-CoA	1	
BSU32830	fadA	Oleoyl-CoA	0	
BSU32830	fadA	D-fructose-1,6-bisphosphate	1	
BSU32830	fadA	Glucose-6-Phosphate	1	
BSU32040	yuiF	Histidine	1	
BSU11382	appA.1	GTP	1	
BSU11382	appA.1	isoleucine	1	
BSU11382	appA.1	valine	1	
BSU11382	appA.1	Glutamine	-1	
BSU30180	ytbQ	Biotin	1	
BSU10420	comK	unk	-1	
BSU10420	comK	GTP	1	
BSU10420	comK	isoleucine	1	
BSU10420	comK	valine	1	
BSU39750	iolB	2-deoxy-5-keto-D-gluconic-acid-6-phosphate	-1	
BSU39750	iolB	D-fructose-1,6-bisphosphate	1	
BSU39750	iolB	Glucose-6-Phosphate	1	
BSU14150	ykuN	Iron	1	
BSU26450	yrkN	unk	0	
BSU27020	yraA	Carbonyl_electrophiles::stress	1	
BSU07120	lplC	D-fructose-1,6-bisphosphate	1	
BSU07120	lplC	Glucose-6-Phosphate	1	
BSU28640	pheS	tRNAphe	-1	
BSU06990	yesQ	unk	0	
BSU06990	yesQ	D-fructose-1,6-bisphosphate	1	
BSU06990	yesQ	Glucose-6-Phosphate	1	
BSU01700	murQ	GTP	1	
BSU01700	murQ	isoleucine	1	
BSU01700	murQ	valine	1	
BSU01700	murQ	N-acetylmuramate-6-phosphate	-1	
BSU33920	tpiA	D-fructose-1,6-bisphosphate	-1	
BSU10300	aprE	unk	-1	
BSU06600	pcrB	DNA_Damage	1	
BSU31560	yufP	GTP	1	
BSU31560	yufP	isoleucine	1	
BSU31560	yufP	valine	1	
BSU34780	yvcI	D-fructose-1,6-bisphosphate	1	
BSU34780	yvcI	Glucose-6-Phosphate	1	
BSU35020	nagBA	N-Acetyl-D-glucosamine-6-phosphate	-1	
BSU35020	nagBA	D-fructose-1,6-bisphosphate	1	
BSU35020	nagBA	Glucose-6-Phosphate	1	
BSU18380	iseA	unk	-1	
BSU34230	epsN	unk	0	
BSU31990	dhbC	Iron	1	
BSU35080	yvmB	D-fructose-1,6-bisphosphate	1	
BSU35080	yvmB	Glucose-6-Phosphate	1	
BSU24950	pstBB	phosphate	-1	
BSU11420	trpS	tRNAtrp	-1	
BSU06430	purK	PRPP	-1	
BSU06430	purK	Hypoxanthine	-1	
BSU06430	purK	Guanine	-1	
BSU29290	ytnL	unk	1	
BSU29290	ytnL	O-acetyl-L-serine	-1	
BSU29290	ytnL	Thiol_specific_oxidative_stress::stress	1	
BSU28440	sdhA	D-fructose-1,6-bisphosphate	1	
BSU28440	sdhA	Glucose-6-Phosphate	1	
BSU33540	yvaB	Methylglyoxal::stress	-1	
BSU28250	leuD	Glutamine	-1	
BSU28250	leuD	GTP	1	
BSU28250	leuD	isoleucine	1	
BSU28250	leuD	valine	1	
BSU28250	leuD	D-fructose-1,6-bisphosphate	1	
BSU28250	leuD	Glucose-6-Phosphate	1	
BSU28250	leuD	tRNAleu	-1	
BSU37730	bacB	GTP	1	
BSU37730	bacB	isoleucine	1	
BSU37730	bacB	valine	1	
BSU15110	ylbQ	D-fructose-1,6-bisphosphate	1	
BSU15110	ylbQ	Glucose-6-Phosphate	1	
BSU21930	cspD	D-fructose-1,6-bisphosphate	1	
BSU21930	cspD	Glucose-6-Phosphate	1	
BSU01810	adaA	Methylating::stress	1	
BSU19410	cwlS	D-fructose-1,6-bisphosphate	1	
BSU19410	cwlS	Glucose-6-Phosphate	1	
BSU11200	argJ	arginine	1	
BSU11200	argJ	Glutamine	-1	
BSU30090	yteU	unk	1	
BSU28270	leuB	Glutamine	-1	
BSU28270	leuB	GTP	1	
BSU28270	leuB	isoleucine	1	
BSU28270	leuB	valine	1	
BSU28270	leuB	D-fructose-1,6-bisphosphate	1	
BSU28270	leuB	Glucose-6-Phosphate	1	
BSU28270	leuB	tRNAleu	-1	
BSU31500	yuxK	GTP	1	
BSU31500	yuxK	isoleucine	1	
BSU31500	yuxK	valine	1	
BSU04470	dctP	D-fructose-1,6-bisphosphate	1	
BSU04470	dctP	Glucose-6-Phosphate	1	
BSU04470	dctP	Succinate::extracellular	1	
BSU04470	dctP	Fumarate::extracellular	1	
BSU34200	sigL	D-fructose-1,6-bisphosphate	1	
BSU34200	sigL	Glucose-6-Phosphate	1	
BSU39330	abnB	D-fructose-1,6-bisphosphate	1	
BSU39330	abnB	Glucose-6-Phosphate	1	
BSU32260	hom	GTP	1	
BSU32260	hom	isoleucine	1	
BSU32260	hom	valine	1	
BSU15120	yllA	D-fructose-1,6-bisphosphate	1	
BSU15120	yllA	Glucose-6-Phosphate	1	
BSU16825	ymfD	unk	0	
BSU11250	argF	arginine	1	
BSU11250	argF	Glutamine	-1	
BSU29710	acuC	D-fructose-1,6-bisphosphate	1	
BSU29710	acuC	Glucose-6-Phosphate	1	
BSU29710	acuC	GTP	1	
BSU29710	acuC	isoleucine	1	
BSU29710	acuC	valine	1	
BSU01690	ybbH	GTP	1	
BSU01690	ybbH	isoleucine	1	
BSU01690	ybbH	valine	1	
BSU01690	ybbH	N-acetylmuramate-6-phosphate	-1	
BSU33160	yvrA	Adenosylcobalamin	1	
BSU27760	csbX	D-fructose-1,6-bisphosphate	1	
BSU27760	csbX	Glucose-6-Phosphate	1	
BSU21440	bdbB	unk	0	
BSU07590	citT	D-fructose-1,6-bisphosphate	1	
BSU07590	citT	Glucose-6-Phosphate	1	
BSU31970	dhbB	Iron	1	
BSU21520	yolC	DNA_Damage	1	
BSU27860	nadC	Niacin	1	
BSU39970	yxaH	Flavonoids	-1	
BSU10330	yhfQ	Iron	1	
BSU23590	ansR	asparagine	-1	
BSU04530	ydbN	Iron	1	
BSU39710	iolF	2-deoxy-5-keto-D-gluconic-acid-6-phosphate	-1	
BSU39710	iolF	D-fructose-1,6-bisphosphate	1	
BSU39710	iolF	Glucose-6-Phosphate	1	
BSU30110	yteS	unk	1	
BSU34880	hisA	Histidine	1	
BSU13910	ptsI	Glucose::extracellular	1	
BSU28280	leuA	Glutamine	-1	
BSU28280	leuA	GTP	1	
BSU28280	leuA	isoleucine	1	
BSU28280	leuA	valine	1	
BSU28280	leuA	D-fructose-1,6-bisphosphate	1	
BSU28280	leuA	Glucose-6-Phosphate	1	
BSU28280	leuA	tRNAleu	-1	
BSU14240	rok	GTP	1	
BSU14240	rok	isoleucine	1	
BSU14240	rok	valine	1	
BSU00870	radA	HeatShock	-1	
BSU33700	opuBD	Betaine	1	
BSU33700	opuBD	Choline	-1	
BSU33700	opuBD	GTP	1	
BSU33700	opuBD	isoleucine	1	
BSU33700	opuBD	valine	1	
BSU33700	opuBD	unk	0	
BSU22630	trpA	Tryptophan	1	
BSU13530	kinE	GTP	1	
BSU13530	kinE	isoleucine	1	
BSU13530	kinE	valine	1	
BSU26430	yrkP	unk	0	
BSU06310	gabP	Glutamine	-1	
BSU06310	gabP	GTP	1	
BSU06310	gabP	isoleucine	1	
BSU06310	gabP	valine	1	
BSU03280	nasF	Glutamine	-1	
BSU03280	nasF	Menaquinone	1	
BSU03280	nasF	Nitricoxide	-1	
BSU03280	nasF	Iron	1	
BSU03280	nasF	Glutamine	1	
BSU03280	nasF	GTP	1	
BSU03280	nasF	isoleucine	1	
BSU03280	nasF	valine	1	
BSU23550	mleA	D-fructose-1,6-bisphosphate	1	
BSU23550	mleA	Glucose-6-Phosphate	1	
BSU23550	mleA	asparagine	-1	
BSU13130	proA	tRNApro	-1	
BSU05650	ydgH	DNA_Damage	1	
BSU13320	ykzB	Glutamine	-1	
BSU13320	ykzB	phosphate	-1	
BSU04480	ydbI	NADH	1	
BSU04480	ydbI	NAD	1	
BSU28760	araM	D-fructose-1,6-bisphosphate	1	
BSU28760	araM	Glucose-6-Phosphate	1	
BSU28760	araM	Arabinose	-1	
BSU18630	exlX	Iron	1	
BSU00970	yacP	tRNAcys	-1	
BSU17990	sspO	GTP	1	
BSU17990	sspO	isoleucine	1	
BSU17990	sspO	valine	1	
BSU27240	yrhC	Thiol_specific_oxidative_stress::stress	1	
BSU27240	yrhC	O-acetyl-L-serine	-1	
BSU01680	ybbF	GTP	1	
BSU01680	ybbF	isoleucine	1	
BSU01680	ybbF	valine	1	
BSU01680	ybbF	N-acetylmuramate-6-phosphate	-1	
BSU29690	acuA	D-fructose-1,6-bisphosphate	1	
BSU29690	acuA	Glucose-6-Phosphate	1	
BSU29690	acuA	GTP	1	
BSU29690	acuA	isoleucine	1	
BSU29690	acuA	valine	1	
BSU26680	yrdK	4-azaleucine::stress	-1	
BSU18550	yoaC	S-adenosyl-L-methionine	-1	
BSU34920	hisG	Histidine	1	
BSU33510	copZ	Copper	-1	
BSU31460	kapB	GTP	1	
BSU31460	kapB	isoleucine	1	
BSU31460	kapB	valine	1	
BSU07130	lplD	D-fructose-1,6-bisphosphate	1	
BSU07130	lplD	Glucose-6-Phosphate	1	
BSU06250	ydjM	unk	-1	
BSU06250	ydjM	phosphate	-1	
BSU18090	parE	DNA_Damage	1	
BSU13720	queC	Queuosine	-1	
BSU38460	tyrZ	tRNAtyr	-1	
BSU40730	yyaS	unk	0	
BSU31540	yufN	GTP	1	
BSU31540	yufN	isoleucine	1	
BSU31540	yufN	valine	1	
BSU37390	albC	Menaquinone	1	
BSU17580	xynB	Xylose	-1	
BSU17580	xynB	D-fructose-1,6-bisphosphate	1	
BSU17580	xynB	Glucose-6-Phosphate	1	
BSU22260	yppF	GTP	1	
BSU22260	yppF	isoleucine	1	
BSU22260	yppF	valine	1	
BSU39520	yxeK	O-acetyl-L-serine	-1	
BSU39520	yxeK	Thiol_specific_oxidative_stress::stress	1	
BSU10990	yitH	S-adenosyl-L-methionine	-1	
BSU02430	glsA	Glutamine::extracellular	1	
BSU02430	glsA	D-fructose-1,6-bisphosphate	1	
BSU02430	glsA	Glucose-6-Phosphate	1	
BSU02500	ycbG	D-Glucarate	-1	
BSU02500	ycbG	D-Galactarate	-1	
BSU21480	sunA	unk	0	
BSU06420	purE	PRPP	-1	
BSU06420	purE	Hypoxanthine	-1	
BSU06420	purE	Guanine	-1	
BSU31060	gbsA	Betaine	1	
BSU31060	gbsA	Choline	-1	
BSU05430	ydfJ	unk	-1	
BSU30750	mntC	Mn	1	
BSU03940	ycnI	Copper	1	
BSU38510	dltB	unk	0	
BSU20440	yorB	DNA_Damage	1	
BSU34790	trxB	Thiol_specific_oxidative_stress::stress	1	
BSU11880	metC	S-adenosyl-L-methionine	-1	
BSU11880	metC	GTP	1	
BSU11880	metC	isoleucine	1	
BSU11880	metC	valine	1	
BSU40050	gntR	Gluconate	-1	
BSU40050	gntR	D-fructose-1,6-bisphosphate	1	
BSU40050	gntR	Glucose-6-Phosphate	1	
BSU40050	gntR	unk	0	
BSU16180	flgB	GTP	1	
BSU16180	flgB	isoleucine	1	
BSU16180	flgB	valine	1	
BSU40470	yycC	Glutamine	-1	
BSU04160	mtlR	D-fructose-1,6-bisphosphate	1	
BSU04160	mtlR	Glucose-6-Phosphate	1	
BSU04160	mtlR	Mannitol	1	
BSU24090	ptb	GTP	1	
BSU24090	ptb	isoleucine	1	
BSU24090	ptb	valine	1	
BSU24090	ptb	Glutamine	-1	
BSU27080	levR	fructose	1	
BSU27080	levR	D-fructose-1,6-bisphosphate	1	
BSU27080	levR	Glucose-6-Phosphate	1	
BSU16310	fliM	GTP	1	
BSU16310	fliM	isoleucine	1	
BSU16310	fliM	valine	1	
BSU03510	srfAC	Thiol_specific_oxidative_stress::stress	1	
BSU03510	srfAC	Hydrogen_peroxide::stress	-1	
BSU03510	srfAC	ComX	1	
BSU03510	srfAC	GTP	1	
BSU03510	srfAC	isoleucine	1	
BSU03510	srfAC	valine	1	
BSU35960	rbsB	D-fructose-1,6-bisphosphate	1	
BSU35960	rbsB	Glucose-6-Phosphate	1	
BSU35960	rbsB	ribose	-1	
BSU33170	yvrB	Adenosylcobalamin	1	
BSU22550	qcrB	Menaquinone	1	
BSU22550	qcrB	D-fructose-1,6-bisphosphate	1	
BSU22550	qcrB	Glucose-6-Phosphate	1	
BSU28510	xsa	D-fructose-1,6-bisphosphate	1	
BSU28510	xsa	Glucose-6-Phosphate	1	
BSU28510	xsa	Arabinose	-1	
BSU34420	yveF	Phenolic_acids:stress	-1	
BSU37040	ywkB	Malate::extracellular	1	
BSU29030	ytcD	unk	0	
BSU23120	resD	Menaquinone	1	
BSU23120	resD	phosphate	-1	
BSU23120	resD	D-fructose-1,6-bisphosphate	1	
BSU23120	resD	Glucose-6-Phosphate	1	
BSU31370	yugJ	Thiol_specific_oxidative_stress::stress	1	
BSU17370	nrdI	Menaquinone	1	
BSU17370	nrdI	deoxyribonucleotides	-1	
BSU39670	iolJ	2-deoxy-5-keto-D-gluconic-acid-6-phosphate	-1	
BSU39670	iolJ	D-fructose-1,6-bisphosphate	1	
BSU39670	iolJ	Glucose-6-Phosphate	1	
BSU26540	yrkE	unk	0	
BSU16950	pbpX	DNA_Damage	1	
BSU32580	frlM	Fructoselysine6-phosphate	-1	
BSU32580	frlM	GTP	1	
BSU32580	frlM	isoleucine	1	
BSU32580	frlM	valine	1	
BSU24780	yqgY	D-fructose-1,6-bisphosphate	1	
BSU24780	yqgY	Glucose-6-Phosphate	1	
BSU07190	yezD	O-acetyl-L-serine	-1	
BSU03200	ycgM	Proline	1	
BSU03200	ycgM	GTP	1	
BSU03200	ycgM	isoleucine	1	
BSU03200	ycgM	valine	1	
BSU03200	ycgM	D-fructose-1,6-bisphosphate	1	
BSU03200	ycgM	Glucose-6-Phosphate	1	
BSU34410	yveG	Phenolic_acids:stress	-1	
BSU34170	ganR	unk	-1	
BSU28810	abnA	D-fructose-1,6-bisphosphate	1	
BSU28810	abnA	Glucose-6-Phosphate	1	
BSU28810	abnA	Arabinose	-1	
BSU37460	rapF	ComX	1	
BSU37460	rapF	D-fructose-1,6-bisphosphate	1	
BSU37460	rapF	Glucose-6-Phosphate	1	
BSU18239	yngHB	D-fructose-1,6-bisphosphate	1	
BSU18239	yngHB	Glucose-6-Phosphate	1	
BSU24060	lpdV	GTP	1	
BSU24060	lpdV	isoleucine	1	
BSU24060	lpdV	valine	1	
BSU24060	lpdV	Glutamine	-1	
BSU37250	narI	Oxygen	-1	
BSU24550	gcvPB	Glycine	0	
BSU24550	gcvPB	tRNAgly	-1	
BSU03210	ycgN	Proline	1	
BSU03210	ycgN	GTP	1	
BSU03210	ycgN	isoleucine	1	
BSU03210	ycgN	valine	1	
BSU03210	ycgN	D-fructose-1,6-bisphosphate	1	
BSU03210	ycgN	Glucose-6-Phosphate	1	
BSU20850	yopL	D-fructose-1,6-bisphosphate	1	
BSU20850	yopL	Glucose-6-Phosphate	1	
BSU37720	bacC	GTP	1	
BSU37720	bacC	isoleucine	1	
BSU37720	bacC	valine	1	
BSU03550	ycxC	unk	0	
BSU14900	ctaD	Menaquinone	1	
BSU14900	ctaD	D-fructose-1,6-bisphosphate	1	
BSU14900	ctaD	Glucose-6-Phosphate	1	
BSU09460	ctrA	GTP	1	
BSU09460	ctrA	isoleucine	1	
BSU09460	ctrA	valine	1	
BSU31450	kinB	GTP	1	
BSU31450	kinB	isoleucine	1	
BSU31450	kinB	valine	1	
BSU07060	yesX	unk	0	
BSU07060	yesX	D-fructose-1,6-bisphosphate	1	
BSU07060	yesX	Glucose-6-Phosphate	1	
BSU18210	yngE	D-fructose-1,6-bisphosphate	1	
BSU18210	yngE	Glucose-6-Phosphate	1	
BSU23090	rsiX	unk	0	
BSU34340	epsD	unk	0	
BSU24170	mmgA	D-fructose-1,6-bisphosphate	1	
BSU24170	mmgA	Glucose-6-Phosphate	1	
BSU24590	yqhG	DNA_Damage	1	
BSU22030	ypbR	Iron	1	
BSU22570	ypiF	D-fructose-1,6-bisphosphate	1	
BSU22570	ypiF	Glucose-6-Phosphate	1	
BSU02670	lmrB	Flavonoids	-1	
BSU13210	thiX	TPP	-1	
BSU13180	metE	S-adenosyl-L-methionine	-1	
BSU03770	rapC	ComX	1	
BSU03770	rapC	GTP	1	
BSU03770	rapC	isoleucine	1	
BSU03770	rapC	valine	1	
BSU04170	ydaB	Glutamine	-1	
BSU38730	cydD	NADH	1	
BSU38730	cydD	NAD	1	
BSU38730	cydD	Menaquinone	1	
BSU38730	cydD	D-fructose-1,6-bisphosphate	1	
BSU38730	cydD	Glucose-6-Phosphate	1	
BSU17600	xylA	Xylose	-1	
BSU17600	xylA	D-fructose-1,6-bisphosphate	1	
BSU17600	xylA	Glucose-6-Phosphate	1	
BSU17600	xylA	unk	0	
BSU29490	tpx	Thiol_specific_oxidative_stress::stress	1	
BSU28530	etfB	Palmitoyl-CoA	1	
BSU28530	etfB	Oleoyl-CoA	0	
BSU28530	etfB	D-fructose-1,6-bisphosphate	1	
BSU28530	etfB	Glucose-6-Phosphate	1	
BSU11400	appC	GTP	1	
BSU11400	appC	isoleucine	1	
BSU11400	appC	valine	1	
BSU11400	appC	Glutamine	-1	
BSU09880	yhaR	D-fructose-1,6-bisphosphate	1	
BSU09880	yhaR	Glucose-6-Phosphate	1	
BSU12430	rapA	ComX	1	
BSU12430	rapA	GTP	1	
BSU12430	rapA	isoleucine	1	
BSU12430	rapA	valine	1	
BSU21470	sunT	unk	0	
BSU24030	bkdB	GTP	1	
BSU24030	bkdB	isoleucine	1	
BSU24030	bkdB	valine	1	
BSU24030	bkdB	Glutamine	-1	
BSU40270	yycP	phosphate	-1	
BSU39680	iolI	2-deoxy-5-keto-D-gluconic-acid-6-phosphate	-1	
BSU39680	iolI	D-fructose-1,6-bisphosphate	1	
BSU39680	iolI	Glucose-6-Phosphate	1	
BSU11000	yitI	S-adenosyl-L-methionine	-1	
BSU00480	yabJ	PRPP	-1	
BSU18190	yngC	unk	-1	
BSU05880	gmuG	Glucomannan	-1	
BSU05880	gmuG	D-fructose-1,6-bisphosphate	1	
BSU05880	gmuG	Glucose-6-Phosphate	1	
BSU03620	yclA	Salicylate::stress	1	
BSU14920	ctaF	Menaquinone	1	
BSU14920	ctaF	D-fructose-1,6-bisphosphate	1	
BSU14920	ctaF	Glucose-6-Phosphate	1	
BSU32240	thrB	GTP	1	
BSU32240	thrB	isoleucine	1	
BSU32240	thrB	valine	1	
BSU38330	lrgB.1	unk	0	
BSU31190	yulD	L-rhamnulose-1-phosphate	-1	
BSU01800	alkA	Methylating::stress	1	
BSU28220	clpX	HeatShock	-1	
BSU33790	sdpR	Sdpc	1	
BSU13900	ptsH	Glucose::extracellular	1	
BSU10530	ntdC	3-3-neotrehalosadiamine	1	
BSU06440	purB	PRPP	-1	
BSU06440	purB	Hypoxanthine	-1	
BSU06440	purB	Guanine	-1	
BSU02390	ilvE	GTP	1	
BSU02390	ilvE	isoleucine	1	
BSU02390	ilvE	valine	1	
BSU16160	clpY	GTP	1	
BSU16160	clpY	isoleucine	1	
BSU16160	clpY	valine	1	
BSU23250	ribH	Riboflavin-5-phosphate	-1	
BSU00880	disA	HeatShock	-1	
BSU28720	abfA	D-fructose-1,6-bisphosphate	1	
BSU28720	abfA	Glucose-6-Phosphate	1	
BSU28720	abfA	Arabinose	-1	
BSU27550	aspS	tRNAhis	-1	
BSU27550	aspS	tRNAasp	-1	
BSU39100	yxiO	phosphate	-1	
BSU38850	yxkC	Glutamine	-1	
BSU11500	spxA	Hydrogen_peroxide::stress	-1	
BSU11500	spxA	Quinone::stress	-1	
BSU16300	fliL	GTP	1	
BSU16300	fliL	isoleucine	1	
BSU16300	fliL	valine	1	
BSU37710	bacD	GTP	1	
BSU37710	bacD	isoleucine	1	
BSU37710	bacD	valine	1	
BSU31930	ald	alanine	1	
BSU30160	ytcQ	D-fructose-1,6-bisphosphate	1	
BSU30160	ytcQ	Glucose-6-Phosphate	1	
BSU30160	ytcQ	unk	1	
BSU12030	yjdF	Mannose	1	
BSU06980	yesP	unk	0	
BSU06980	yesP	D-fructose-1,6-bisphosphate	1	
BSU06980	yesP	Glucose-6-Phosphate	1	
BSU03330	nasA	Glutamine	-1	
BSU03330	nasA	Glutamine	1	
BSU03330	nasA	Oxygen	1	
BSU16320	fliY	GTP	1	
BSU16320	fliY	isoleucine	1	
BSU16320	fliY	valine	1	
BSU32450	pucL	Glutamine	-1	
BSU32450	pucL	Allantoin	1	
BSU32450	pucL	Urate	1	
BSU32450	pucL	Allantoate	1	
BSU06150	gutB	Sorbitol	1	
BSU07810	treA	D-trehalose-6-phosphate	-1	
BSU07810	treA	phosphate	-1	
BSU07810	treA	D-fructose-1,6-bisphosphate	1	
BSU07810	treA	Glucose-6-Phosphate	1	
BSU14960	ylbC	D-fructose-1,6-bisphosphate	1	
BSU14960	ylbC	Glucose-6-Phosphate	1	
BSU08090	acoL	D-fructose-1,6-bisphosphate	1	
BSU08090	acoL	Glucose-6-Phosphate	1	
BSU08090	acoL	acetoin	1	
BSU16330	cheY	GTP	1	
BSU16330	cheY	isoleucine	1	
BSU16330	cheY	valine	1	
BSU24120	prpB	D-fructose-1,6-bisphosphate	1	
BSU24120	prpB	Glucose-6-Phosphate	1	
BSU10550	ntdA	3-3-neotrehalosadiamine	1	
BSU38540	dltE	unk	0	
BSU11430	oppA	Glutamine	-1	
BSU11430	oppA	GTP	1	
BSU11430	oppA	isoleucine	1	
BSU11430	oppA	valine	1	
BSU14700	nprE	unk	-1	
BSU14700	nprE	Polyamine::stress	0	
BSU28330	ysnE	Glutamine	-1	
BSU28540	fadB	Palmitoyl-CoA	1	
BSU28540	fadB	Oleoyl-CoA	0	
BSU28540	fadB	D-fructose-1,6-bisphosphate	1	
BSU28540	fadB	Glucose-6-Phosphate	1	
BSU04070	ycsI	Glutamine	-1	
BSU04070	ycsI	unk	0	
BSU27250	mccB	Thiol_specific_oxidative_stress::stress	1	
BSU27250	mccB	O-acetyl-L-serine	-1	
BSU29840	ytpP	Thiol_specific_oxidative_stress::stress	1	
BSU32440	pucK	Glutamine	-1	
BSU32440	pucK	Allantoin	1	
BSU32440	pucK	Urate	1	
BSU32440	pucK	Allantoate	1	
BSU30440	ytrC	Ramoplanin::stress	-1	
BSU16299	ylzI	GTP	1	
BSU16299	ylzI	isoleucine	1	
BSU16299	ylzI	valine	1	
BSU09420	lytE	unk	-1	
BSU07080	yesZ	unk	0	
BSU07080	yesZ	D-fructose-1,6-bisphosphate	1	
BSU07080	yesZ	Glucose-6-Phosphate	1	
BSU11360	appD	GTP	1	
BSU11360	appD	isoleucine	1	
BSU11360	appD	valine	1	
BSU11360	appD	Glutamine	-1	
BSU36550	spoIIQ	GTP	1	
BSU36550	spoIIQ	isoleucine	1	
BSU36550	spoIIQ	valine	1	
BSU13550	mtnA	S-adenosyl-L-methionine	-1	
BSU28140	hemD	Hydrogen_peroxide::stress	-1	
BSU25260	glyS	tRNAgly	-1	
BSU13610	mtnB	S-adenosyl-L-methionine	-1	
BSU34460	levB	Sucrose	1	
BSU34460	levB	unk	-1	
BSU25289	yqzL	Glutamine	-1	
BSU26600	bltD	unk	0	
BSU26600	bltD	Unk	1	
BSU09340	yhdA	Bacitracin::stress	1	
BSU16480	ylxL	GTP	1	
BSU16480	ylxL	isoleucine	1	
BSU16480	ylxL	valine	1	
BSU02520	ycbJ	D-Glucarate	-1	
BSU02520	ycbJ	D-Galactarate	-1	
BSU08460	yfhA	Iron	1	
BSU32130	guaC	PRPP	-1	
BSU32130	guaC	GTP	1	
BSU32130	guaC	isoleucine	1	
BSU32130	guaC	valine	1	
BSU29360	tcyL	unk	1	
BSU29360	tcyL	O-acetyl-L-serine	-1	
BSU29360	tcyL	Thiol_specific_oxidative_stress::stress	1	
BSU05870	gmuF	Glucomannan	-1	
BSU05870	gmuF	D-fructose-1,6-bisphosphate	1	
BSU05870	gmuF	Glucose-6-Phosphate	1	
BSU27010	adhA	Carbonyl_electrophiles::stress	1	
BSU04360	mntH	Mn	1	
BSU02460	ycbC	D-Glucarate	-1	
BSU02460	ycbC	D-Galactarate	-1	
BSU02530	rtpA	tRNAtrp	-1	
BSU02530	rtpA	Tryptophan	1	
BSU36000	alsD	NADH	1	
BSU36000	alsD	NAD	1	
BSU36000	alsD	acetate	1	
BSU36000	alsD	D-fructose-1,6-bisphosphate	1	
BSU36000	alsD	Glucose-6-Phosphate	1	
BSU39270	bglP	Salicin	1	
BSU39270	bglP	Arbutin	1	
BSU39270	bglP	D-fructose-1,6-bisphosphate	1	
BSU39270	bglP	Glucose-6-Phosphate	1	
BSU38200	galK	D-fructose-1,6-bisphosphate	1	
BSU38200	galK	Glucose-6-Phosphate	1	
BSU07390	yfmP	unk	0	
BSU02490	gudD	D-Glucarate	-1	
BSU02490	gudD	D-Galactarate	-1	
BSU18560	yoaD	S-adenosyl-L-methionine	-1	
BSU02780	ycdA	unk	-1	
BSU16980	spoVS	GTP	1	
BSU16980	spoVS	isoleucine	1	
BSU16980	spoVS	valine	1	
BSU28780	araD	D-fructose-1,6-bisphosphate	1	
BSU28780	araD	Glucose-6-Phosphate	1	
BSU28780	araD	Arabinose	-1	
BSU28680	glcD	D-fructose-1,6-bisphosphate	1	
BSU28680	glcD	Glucose-6-Phosphate	1	
BSU37930	ywdK	Glutamine	-1	
BSU09270	glpP	D-fructose-1,6-bisphosphate	1	
BSU09270	glpP	Glucose-6-Phosphate	1	
BSU21690	msrA	Thiol_specific_oxidative_stress::stress	1	
BSU11470	oppF	Glutamine	-1	
BSU11470	oppF	GTP	1	
BSU11470	oppF	isoleucine	1	
BSU11470	oppF	valine	1	
BSU15350	thiQ	TPP	-1	
BSU38260	efeN	Iron	1	
BSU35160	uvrA	DNA_Damage	1	
BSU05790	ydhK	Copper	-1	
BSU03560	ycxD	unk	0	
BSU34470	yveA	Sucrose	1	
BSU34470	yveA	unk	-1	
BSU12320	yjmC	Galacturonate	-1	
BSU12320	yjmC	D-fructose-1,6-bisphosphate	1	
BSU12320	yjmC	Glucose-6-Phosphate	1	
BSU40310	phrG	D-fructose-1,6-bisphosphate	1	
BSU40310	phrG	Glucose-6-Phosphate	1	
BSU19370	odhA	D-fructose-1,6-bisphosphate	1	
BSU19370	odhA	Glucose-6-Phosphate	1	
BSU17380	nrdE	Menaquinone	1	
BSU17380	nrdE	deoxyribonucleotides	-1	
BSU32550	yurJ	GTP	1	
BSU32550	yurJ	isoleucine	1	
BSU32550	yurJ	valine	1	
BSU32550	yurJ	Fructoselysine6-phosphate	-1	
BSU05740	phoB	phosphate	-1	
BSU04090	kipA	Glutamine	-1	
BSU04090	kipA	unk	0	
BSU38280	efeU	Iron	1	
BSU30770	mntA	Mn	1	
BSU03490	srfAB	Thiol_specific_oxidative_stress::stress	1	
BSU03490	srfAB	Hydrogen_peroxide::stress	-1	
BSU03490	srfAB	ComX	1	
BSU03490	srfAB	GTP	1	
BSU03490	srfAB	isoleucine	1	
BSU03490	srfAB	valine	1	
BSU03880	yczG	unk	0	
BSU15600	cysC	S-adenosyl-L-methionine	-1	
BSU15600	cysC	O-acetyl-L-serine	-1	
BSU29300	rbfK	unk	1	
BSU29300	rbfK	O-acetyl-L-serine	-1	
BSU29300	rbfK	Thiol_specific_oxidative_stress::stress	1	
BSU34850	yvcA	unk	-1	
BSU27170	bscR	Unsaturated_Fatty_Acids	-1	
BSU27170	bscR	Phytanate	0	
BSU32070	yuiC	GTP	1	
BSU32070	yuiC	isoleucine	1	
BSU32070	yuiC	valine	1	
BSU32070	yuiC	Glutamine	-1	
BSU24140	prpC.1	D-fructose-1,6-bisphosphate	1	
BSU24140	prpC.1	Glucose-6-Phosphate	1	
BSU23280	ribD	Riboflavin-5-phosphate	-1	
BSU28950	thrS	tRNAthr	-1	
BSU33310	fhuB	Iron	1	
BSU09910	yhaO	DNA_Damage	1	
BSU37660	pta	D-fructose-1,6-bisphosphate	1	
BSU37660	pta	Glucose-6-Phosphate	1	
BSU05450	ydfK	unk	0	
BSU28090	valS	tRNAval	-1	
BSU37740	bacA	GTP	1	
BSU37740	bacA	isoleucine	1	
BSU37740	bacA	valine	1	
BSU33730	opuBA	Betaine	1	
BSU33730	opuBA	Choline	-1	
BSU33730	opuBA	GTP	1	
BSU33730	opuBA	isoleucine	1	
BSU33730	opuBA	valine	1	
BSU33730	opuBA	unk	0	
BSU03320	nasB	Glutamine	-1	
BSU03320	nasB	Glutamine	1	
BSU03320	nasB	Oxygen	1	
BSU33780	sdpI	Sdpc	1	
BSU16240	fliI	GTP	1	
BSU16240	fliI	isoleucine	1	
BSU16240	fliI	valine	1	
BSU30120	yteR	unk	1	
BSU31720	degQ	unk	-1	
BSU31720	degQ	ComX	1	
BSU11330	fabHA	Malonyl-CoA	-1	
BSU34240	epsM	unk	0	
BSU32560	frlR	Fructoselysine6-phosphate	-1	
BSU36910	ywlG	Glutamine	-1	
BSU23040	fer	Iron	1	
BSU38840	yxkD	unk	0	
BSU15290	ftsZ	unk	-1	
BSU11010	yitJ	S-adenosyl-L-methionine	-1	
BSU10270	lcfB	Palmitoyl-CoA	1	
BSU10270	lcfB	Oleoyl-CoA	0	
BSU10270	lcfB	D-fructose-1,6-bisphosphate	1	
BSU10270	lcfB	Glucose-6-Phosphate	1	
BSU06370	pbuG	PRPP	-1	
BSU06370	pbuG	Hypoxanthine	-1	
BSU06370	pbuG	Guanine	-1	
BSU11230	carA	arginine	1	
BSU11230	carA	Glutamine	-1	
BSU16270	fliK	GTP	1	
BSU16270	fliK	isoleucine	1	
BSU16270	fliK	valine	1	
BSU39390	hutM	Histidine	1	
BSU39390	hutM	GTP	1	
BSU39390	hutM	isoleucine	1	
BSU39390	hutM	valine	1	
BSU39390	hutM	D-fructose-1,6-bisphosphate	1	
BSU39390	hutM	Glucose-6-Phosphate	1	
BSU03530	ycxA	ComX	1	
BSU32000	dhbA	Iron	1	
BSU13590	mtnW	S-adenosyl-L-methionine	-1	
BSU36500	ywoB	Ramoplanin::stress	-1	
BSU32150	paiA	unk	0	
BSU24960	pstBA	phosphate	-1	
BSU38810	msmX	D-fructose-1,6-bisphosphate	1	
BSU38810	msmX	Glucose-6-Phosphate	1	
BSU15910	fabG	Malonyl-CoA	-1	
BSU15910	fabG	ComX	1	
BSU16845	ymfF	unk	0	
BSU19560	yodD	Methylglyoxal::stress	-1	
BSU05820	gmuA	Glucomannan	-1	
BSU05820	gmuA	D-fructose-1,6-bisphosphate	1	
BSU05820	gmuA	Glucose-6-Phosphate	1	
BSU39630	yxdM	stress:toxic-peptide	1	
BSU06450	purC	PRPP	-1	
BSU06450	purC	Hypoxanthine	-1	
BSU06450	purC	Guanine	-1	
BSU18450	gltA	Glutamine	-1	
BSU18450	gltA	unk	1	
BSU18450	gltA	2-Oxoglutarate	-1	
BSU18450	gltA	Glutamate	0	
BSU18450	gltA	unk	-1	
BSU18450	gltA	Glutamate	-1	
BSU29220	ytsJ	DNA_Damage	1	
BSU03350	yciB	Zinc	1	
BSU32880	yusP	stress:	-1	
BSU32880	yusP	fusidic	0	
BSU32880	yusP	acid	0	
BSU32880	yusP	(probably	0	
BSU32880	yusP	other)	0	
BSU34700	yvcR	stress:	1	
BSU34700	yvcR	toxic-peptide	0	
BSU30640	ytkC	GTP	1	
BSU30640	ytkC	isoleucine	1	
BSU30640	ytkC	valine	1	
BSU27430	glnQ	Glutamine	-1	
BSU27430	glnQ	GTP	1	
BSU27430	glnQ	isoleucine	1	
BSU27430	glnQ	valine	1	
BSU33150	yvqK	Adenosylcobalamin	1	
BSU19920	yotD	Copper	-1	
BSU11900	yjcL	GTP	1	
BSU11900	yjcL	isoleucine	1	
BSU11900	yjcL	valine	1	
BSU13300	mgtE	Magnesium	1	
BSU03820	yclP	Iron	1	
BSU39990	yxaF	Flavonoids	-1	
BSU32840	fadN	Sdpc	1	
BSU32840	fadN	Palmitoyl-CoA	1	
BSU32840	fadN	Oleoyl-CoA	0	
BSU32840	fadN	D-fructose-1,6-bisphosphate	1	
BSU32840	fadN	Glucose-6-Phosphate	1	
BSU11650	tenA	TPP	-1	
BSU11650	tenA	unk	-1	
BSU38090	vpr	phosphate	-1	
BSU38090	vpr	DNA_Damage	1	
BSU30100	yteT	unk	1	
BSU09810	yhaZ	DNA_Damage	1	
BSU22680	trpE	Tryptophan	1	
BSU23140	resB	Menaquinone	1	
BSU23140	resB	phosphate	-1	
BSU23140	resB	D-fructose-1,6-bisphosphate	1	
BSU23140	resB	Glucose-6-Phosphate	1	
BSU35640	lytA	unk	0	
BSU23560	mleN	D-fructose-1,6-bisphosphate	1	
BSU23560	mleN	Glucose-6-Phosphate	1	
BSU23560	mleN	asparagine	-1	
BSU28300	ilvH	Glutamine	-1	
BSU28300	ilvH	GTP	1	
BSU28300	ilvH	isoleucine	1	
BSU28300	ilvH	valine	1	
BSU28300	ilvH	D-fructose-1,6-bisphosphate	1	
BSU28300	ilvH	Glucose-6-Phosphate	1	
BSU28300	ilvH	tRNAleu	-1	
BSU33080	liaR	Bacitracin::stress	1	
BSU06950	yesM	D-fructose-1,6-bisphosphate	1	
BSU06950	yesM	Glucose-6-Phosphate	1	
BSU37550	ywhA	tRNAthr	-1	
BSU08110	sspH	D-fructose-1,6-bisphosphate	1	
BSU08110	sspH	Glucose-6-Phosphate	1	
BSU06670	gatC	tRNAgln	-1	
BSU06670	gatC	GTP	1	
BSU06670	gatC	isoleucine	1	
BSU06670	gatC	valine	1	
BSU06670	gatC	D-fructose-1,6-bisphosphate	1	
BSU06670	gatC	Glucose-6-Phosphate	1	
BSU06230	iolT	2-deoxy-5-keto-D-gluconic-acid-6-phosphate	-1	
BSU06230	iolT	D-fructose-1,6-bisphosphate	1	
BSU06230	iolT	Glucose-6-Phosphate	1	
BSU32250	thrC	GTP	1	
BSU32250	thrC	isoleucine	1	
BSU32250	thrC	valine	1	
BSU06490	purF	PRPP	-1	
BSU06490	purF	Hypoxanthine	-1	
BSU06490	purF	Guanine	-1	
BSU35609	tuaA	phosphate	-1	
BSU27160	cypB	Unsaturated_Fatty_Acids	-1	
BSU27160	cypB	Phytanate	0	
BSU32520	pucG	Allantoin	1	
BSU32520	pucG	Urate	1	
BSU32520	pucG	Allantoate	1	
BSU22670	trpD	Tryptophan	1	
BSU10470	yhjD	DNA_Damage	1	
BSU24100	bkdR	GTP	1	
BSU24100	bkdR	isoleucine	1	
BSU24100	bkdR	valine	1	
BSU33740	yvaV	unk	0	
BSU37700	bacE	GTP	1	
BSU37700	bacE	isoleucine	1	
BSU37700	bacE	valine	1	
BSU32540	bsn	phosphate	-1	
BSU03990	mtlD	Mannitol	1	
BSU03990	mtlD	D-fructose-1,6-bisphosphate	1	
BSU03990	mtlD	Glucose-6-Phosphate	1	
BSU03500	comS	Thiol_specific_oxidative_stress::stress	1	
BSU03500	comS	Hydrogen_peroxide::stress	-1	
BSU03500	comS	ComX	1	
BSU03500	comS	GTP	1	
BSU03500	comS	isoleucine	1	
BSU03500	comS	valine	1	
BSU22620	hisC	Tryptophan	1	
BSU16230	fliH	GTP	1	
BSU16230	fliH	isoleucine	1	
BSU16230	fliH	valine	1	
BSU39870	yxbD	GTP	1	
BSU39870	yxbD	isoleucine	1	
BSU39870	yxbD	valine	1	
BSU02350	nagP	D-glucosamine-6-phosphate	-1	
BSU01935	skfC	phosphate	-1	
BSU23270	ribE	Riboflavin-5-phosphate	-1	
BSU03900	gabT	4-Aminobutanoate	1	
BSU01780	glmS	D-glucosamine-6-phosphate	1	
BSU31470	kapD	GTP	1	
BSU31470	kapD	isoleucine	1	
BSU31470	kapD	valine	1	
BSU28500	trxA	Thiol_specific_oxidative_stress::stress	1	
BSU28500	trxA	HeatShock	-1	
BSU03410	bglC	beta-glucoside	-1	
BSU30290	amyC	D-fructose-1,6-bisphosphate	1	
BSU30290	amyC	Glucose-6-Phosphate	1	
BSU30290	amyC	unk	-1	
BSU30135	yteP	unk	1	
BSU37050	maeA	Malate::extracellular	1	
BSU39410	nupC	deoxyribose-5-phosphate	-1	
BSU39410	nupC	D-fructose-1,6-bisphosphate	1	
BSU39410	nupC	Glucose-6-Phosphate	1	
BSU34800	cwlO	unk	-1	
BSU30420	ytrE	Ramoplanin::stress	-1	
BSU13100	ykkD	unk	0	
BSU14390	fruK	D-fructose-6-phosphate	-1	
BSU14390	fruK	D-fructose-1,6-bisphosphate	1	
BSU14390	fruK	Glucose-6-Phosphate	1	
BSU10360	yhfT	Biotin	1	
BSU10820	yisQ	unk	1	
BSU27890	nadR	Niacin	1	
BSU32140	paiB	unk	0	
BSU01630	feuA	Iron	1	
BSU01630	feuA	Iron	-1	
BSU01630	feuA	Bacillibactin	1	
BSU01630	feuA	Enterobactin	0	
BSU01630	feuA	unk	0	
BSU37670	ywfI	D-fructose-1,6-bisphosphate	1	
BSU37670	ywfI	Glucose-6-Phosphate	1	
BSU08790	thiC	TPP	-1	
BSU15570	cysH	S-adenosyl-L-methionine	-1	
BSU15570	cysH	O-acetyl-L-serine	-1	
BSU08440	yfiY	Iron	1	
BSU34280	epsJ	unk	0	
BSU01970	skfG	phosphate	-1	
BSU03981	mtlA	Mannitol	1	
BSU03981	mtlA	D-fructose-1,6-bisphosphate	1	
BSU03981	mtlA	Glucose-6-Phosphate	1	
BSU34220	epsO	unk	0	
BSU03760	yclK	Menaquinone	1	
BSU32420	pucR	Glutamine	-1	
BSU32420	pucR	Allantoin	1	
BSU32420	pucR	Urate	1	
BSU32420	pucR	Allantoate	1	
BSU30550	metK	S-adenosyl-L-methionine	-1	
BSU02680	lmrA	Flavonoids	-1	
BSU38410	sacX	Sucrose	1	
BSU38410	sacX	unk	-1	
BSU13190	ispA	unk	-1	
BSU13190	ispA	GTP	1	
BSU13190	ispA	isoleucine	1	
BSU13190	ispA	valine	1	
BSU32430	pucJ	Glutamine	-1	
BSU32430	pucJ	Allantoin	1	
BSU32430	pucJ	Urate	1	
BSU32430	pucJ	Allantoate	1	
BSU09060	yhcF	4-Aminobutanoate	1	
BSU14730	ylaC	Thiol_specific_oxidative_stress::stress	1	
BSU26670	gltR	unk	-1	
BSU06520	purH	PRPP	-1	
BSU06520	purH	Hypoxanthine	-1	
BSU06520	purH	Guanine	-1	
BSU11490	yjbC	Hydrogen_peroxide::stress	-1	
BSU11490	yjbC	Quinone::stress	-1	
BSU35600	tuaB	phosphate	-1	
BSU37260	narJ	Oxygen	-1	
BSU03800	yclN	Iron	1	
BSU38950	yxjH	S-adenosyl-L-methionine	-1	
BSU38950	yxjH	GTP	1	
BSU38950	yxjH	isoleucine	1	
BSU38950	yxjH	valine	1	
BSU13120	proB	tRNApro	-1	
BSU37430	albG	Menaquinone	1	
BSU31000	yuaI	GTP	1	
BSU31000	yuaI	isoleucine	1	
BSU31000	yuaI	valine	1	
BSU24580	yqhH	DNA_Damage	1	
BSU36470	pucI	Allantoin	1	
BSU36470	pucI	Urate	1	
BSU36470	pucI	Allantoate	1	
BSU36470	pucI	Glutamine	-1	
BSU07520	yfmC	Iron	1	
BSU34840	yvcB	unk	-1	
BSU37790	rocG	Ornithine	1	
BSU37790	rocG	Citrulline	1	
BSU37790	rocG	D-fructose-1,6-bisphosphate	1	
BSU37790	rocG	Glucose-6-Phosphate	1	
BSU37790	rocG	arginine	1	
BSU12290	ndh	NADH	1	
BSU12290	ndh	NAD	1	
BSU29440	argH	arginine	1	
BSU01620	feuB	Iron	1	
BSU01620	feuB	Iron	-1	
BSU01620	feuB	Bacillibactin	1	
BSU01620	feuB	Enterobactin	0	
BSU01620	feuB	unk	0	
BSU12010	manP	Mannose	1	
BSU33330	lysP	Lysine	1	
BSU34610	mdxE	unk	0	
BSU07070	yesY	unk	0	
BSU07070	yesY	D-fructose-1,6-bisphosphate	1	
BSU07070	yesY	Glucose-6-Phosphate	1	
BSU35610	tuaA.1	phosphate	-1	
BSU13240	thiU	TPP	-1	
BSU36660	ureA	Glutamine	-1	
BSU36660	ureA	Allantoin	1	
BSU36660	ureA	Urate	1	
BSU36660	ureA	Allantoate	1	
BSU36660	ureA	Glutamine	1	
BSU36660	ureA	GTP	1	
BSU36660	ureA	isoleucine	1	
BSU36660	ureA	valine	1	
BSU34040	yvfW	Lactate	-1	
BSU04730	sigB	D-fructose-1,6-bisphosphate	1	
BSU04730	sigB	Glucose-6-Phosphate	1	
BSU30260	msmR	D-fructose-1,6-bisphosphate	1	
BSU30260	msmR	Glucose-6-Phosphate	1	
BSU30260	msmR	unk	-1	
BSU29120	mdh	Iron	-1	
BSU29120	mdh	Citrate	-1	
BSU29120	mdh	D-fructose-1,6-bisphosphate	1	
BSU29120	mdh	Glucose-6-Phosphate	1	
BSU29120	mdh	GTP	1	
BSU29120	mdh	isoleucine	1	
BSU29120	mdh	valine	1	
BSU07020	rhgT	unk	0	
BSU07020	rhgT	D-fructose-1,6-bisphosphate	1	
BSU07020	rhgT	Glucose-6-Phosphate	1	
BSU30200	bioB	Biotin	1	
BSU01950	skfE	phosphate	-1	
BSU15580	cysP	S-adenosyl-L-methionine	-1	
BSU15580	cysP	O-acetyl-L-serine	-1	
BSU29140	citZ	Iron	-1	
BSU29140	citZ	Citrate	-1	
BSU29140	citZ	D-fructose-1,6-bisphosphate	1	
BSU29140	citZ	Glucose-6-Phosphate	1	
BSU29140	citZ	GTP	1	
BSU29140	citZ	isoleucine	1	
BSU29140	citZ	valine	1	
BSU16100	sucD	D-fructose-1,6-bisphosphate	1	
BSU16100	sucD	Glucose-6-Phosphate	1	
BSU38190	galT	D-fructose-1,6-bisphosphate	1	
BSU38190	galT	Glucose-6-Phosphate	1	
BSU10150	yhgD	unk	0	
BSU04320	ydaO	ATP	1	
BSU02620	phoD	phosphate	-1	
BSU12310	exuM	Galacturonate	-1	
BSU12310	exuM	D-fructose-1,6-bisphosphate	1	
BSU12310	exuM	Glucose-6-Phosphate	1	
BSU40130	yydK	beta-glucoside-6-phosphate	-1	
BSU12300	uxaC	Galacturonate	-1	
BSU12300	uxaC	D-fructose-1,6-bisphosphate	1	
BSU12300	uxaC	Glucose-6-Phosphate	1	
BSU09840	hemZ	NADH	1	
BSU09840	hemZ	NAD	1	
BSU09840	hemZ	Menaquinone	1	
BSU09840	hemZ	Oxygen	-1	
BSU39250	yxiE	Salicin	1	
BSU39250	yxiE	Arbutin	1	
BSU39250	yxiE	D-fructose-1,6-bisphosphate	1	
BSU39250	yxiE	Glucose-6-Phosphate	1	
BSU04080	kipI	Glutamine	-1	
BSU04080	kipI	unk	0	
BSU33440	cysJ	unk	-1	
BSU33440	cysJ	Flavonoids::stress	-1	
BSU04720	rsbW	D-fructose-1,6-bisphosphate	1	
BSU04720	rsbW	Glucose-6-Phosphate	1	
BSU27270	mtnN	Thiol_specific_oxidative_stress::stress	1	
BSU27270	mtnN	O-acetyl-L-serine	-1	
BSU02470	ycbD	D-Glucarate	-1	
BSU02470	ycbD	D-Galactarate	-1	
BSU38110	nfrA	Thiol_specific_oxidative_stress::stress	1	
BSU00930	cysE	tRNAcys	-1	
BSU34060	yvfU	unk	0	
BSU33490	copB	Copper::stress	-1	
BSU33490	copB	Zinc::stress	0	
BSU33490	copB	Nickel::stress	0	
BSU33490	copB	Manganese::stress	0	
BSU33490	copB	Molybdenum::stress	0	
BSU17880	ynzC	DNA_Damage	1	
BSU13330	ykoL	Glutamine	-1	
BSU13330	ykoL	phosphate	-1	
BSU32940	yusV	Iron	1	
BSU34860	hisI	Histidine	1	
BSU11850	yjcG	GTP	1	
BSU11850	yjcG	isoleucine	1	
BSU11850	yjcG	valine	1	
BSU24970	pstA	phosphate	-1	
BSU37290	arfM	Oxygen	-1	
BSU15550	pyrF	UTP	1	
BSU15550	pyrF	PRPP	-1	
BSU15550	pyrF	UMP	1	
BSU13800	ykvR	DNA_Damage	1	
BSU11340	fabF	Malonyl-CoA	-1	
BSU07090	yetA	D-fructose-1,6-bisphosphate	1	
BSU07090	yetA	Glucose-6-Phosphate	1	
BSU34330	epsE	unk	0	
BSU34350	epsC	unk	0	
BSU11840	yjcF	GTP	1	
BSU11840	yjcF	isoleucine	1	
BSU11840	yjcF	valine	1	
BSU14620	slp	GTP	1	
BSU14620	slp	isoleucine	1	
BSU14620	slp	valine	1	
BSU34030	yvbY	Lactate	-1	
BSU39770	iolR	2-deoxy-5-keto-D-gluconic-acid-6-phosphate	-1	
BSU34570	malK	unk	0	
BSU18250	yngI	D-fructose-1,6-bisphosphate	1	
BSU18250	yngI	Glucose-6-Phosphate	1	
BSU08070	acoB	D-fructose-1,6-bisphosphate	1	
BSU08070	acoB	Glucose-6-Phosphate	1	
BSU08070	acoB	acetoin	1	
BSU13750	queF	Queuosine	-1	
BSU28320	ysnD	Glutamine	-1	
BSU23570	ansB	asparagine	-1	
BSU38060	ywcJ	NADH	1	
BSU38060	ywcJ	NAD	1	
BSU38060	ywcJ	Oxygen	-1	
BSU38060	ywcJ	D-fructose-1,6-bisphosphate	1	
BSU38060	ywcJ	Glucose-6-Phosphate	1	
BSU26530	yrkF	unk	0	
BSU13090	ykkC	unk	0	
BSU16250	fliJ	GTP	1	
BSU16250	fliJ	isoleucine	1	
BSU16250	fliJ	valine	1	
BSU24130	prpD	D-fructose-1,6-bisphosphate	1	
BSU24130	prpD	Glucose-6-Phosphate	1	
BSU35770	tagC	DNA_Damage	1	
BSU12100	yjeA	unk	-1	
BSU07560	pel	Glutamine	-1	
BSU07560	pel	ComX	1	
BSU07560	pel	D-fructose-1,6-bisphosphate	1	
BSU07560	pel	Glucose-6-Phosphate	1	
BSU11720	fabI	Malonyl-CoA	-1	
BSU24320	nusB	PRPP	-1	
BSU40340	rocD	Ornithine	1	
BSU40340	rocD	Citrulline	1	
BSU40340	rocD	GTP	1	
BSU40340	rocD	isoleucine	1	
BSU40340	rocD	valine	1	
BSU40340	rocD	arginine	1	
BSU37270	narH	Oxygen	-1	
BSU31010	yuaG	GTP	1	
BSU31010	yuaG	isoleucine	1	
BSU31010	yuaG	valine	1	
BSU27030	sacC	fructose	1	
BSU27030	sacC	D-fructose-1,6-bisphosphate	1	
BSU27030	sacC	Glucose-6-Phosphate	1	
BSU08880	rpsNB	Zinc	1	
BSU11190	argC	arginine	1	
BSU11190	argC	Glutamine	-1	
BSU29990	pbuO	PRPP	-1	
BSU23970	artQ	arginine	1	
BSU03652	yclD	Salicylate::stress	1	
BSU37160	rpoE	Palmitoyl-CoA	1	
BSU37160	rpoE	Oleoyl-CoA	0	
BSU33230	sigO	unk	0	
BSU29110	phoP	phosphate	-1	
BSU29110	phoP	D-fructose-1,6-bisphosphate	1	
BSU29110	phoP	Glucose-6-Phosphate	1	
BSU29110	phoP	Menaquinone	1	
BSU29110	phoP	unk	-1	
BSU17450	glnR	Glutamine	-1	
BSU17450	glnR	Glutamine	1	
BSU19180	des	unk	-1	
BSU01520	ybaK	DNA_Damage	1	
BSU05850	gmuR	Glucomannan	-1	
BSU05850	gmuR	D-fructose-1,6-bisphosphate	1	
BSU05850	gmuR	Glucose-6-Phosphate	1	
BSU38380	ywbB	ribose	-1	
BSU23050	fmnP	Riboflavin-5-phosphate	-1	
BSU07050	yesW	unk	0	
BSU07050	yesW	D-fructose-1,6-bisphosphate	1	
BSU07050	yesW	Glucose-6-Phosphate	1	
BSU29230	dnaE	DNA_Damage	1	
BSU15010	ylbH	unk	0	
BSU38590	licB	Salicin	1	
BSU38590	licB	D-fructose-1,6-bisphosphate	1	
BSU38590	licB	Glucose-6-Phosphate	1	
BSU38590	licB	ribose	-1	
BSU38940	yxjI	unk	-1	
BSU34265	epsK	unk	0	
BSU28490	uvrC	DNA_Damage	1	
BSU29680	acsA	GTP	1	
BSU29680	acsA	isoleucine	1	
BSU29680	acsA	valine	1	
BSU29680	acsA	D-fructose-1,6-bisphosphate	1	
BSU29680	acsA	Glucose-6-Phosphate	1	
BSU09440	citA	unk	-1	
BSU09440	citA	GTP	1	
BSU09440	citA	isoleucine	1	
BSU09440	citA	valine	1	
BSU07620	yflN	Citrate::extracellular	1	
BSU07620	yflN	D-fructose-1,6-bisphosphate	1	
BSU07620	yflN	Glucose-6-Phosphate	1	
BSU05730	ydhF	phosphate	-1	
BSU17870	yneB	DNA_Damage	1	
BSU15280	ftsA	unk	-1	
BSU08830	ssuB	O-acetyl-L-serine	-1	
BSU08830	ssuB	Thiol_specific_oxidative_stress::stress	1	
BSU33900	eno	D-fructose-1,6-bisphosphate	-1	
BSU34140	ganQ	unk	-1	
BSU34140	ganQ	D-fructose-1,6-bisphosphate	1	
BSU34140	ganQ	Glucose-6-Phosphate	1	
BSU32470	pucE	Glutamine	-1	
BSU32470	pucE	Allantoin	1	
BSU32470	pucE	Urate	1	
BSU32470	pucE	Allantoate	1	
BSU37220	ywjB	Iron	1	
BSU23960	artR	arginine	1	
BSU34580	yvdJ	unk	0	
BSU30230	bioK	Biotin	1	
BSU16380	flhB	GTP	1	
BSU16380	flhB	isoleucine	1	
BSU16380	flhB	valine	1	
BSU32990	mrgA	Hydrogen_peroxide::stress	-1	
BSU17460	glnA	Glutamine	-1	
BSU17460	glnA	Glutamine	1	
BSU31200	yulC	L-rhamnulose-1-phosphate	-1	
BSU37780	rocA	Ornithine	1	
BSU37780	rocA	Citrulline	1	
BSU37780	rocA	GTP	1	
BSU37780	rocA	isoleucine	1	
BSU37780	rocA	valine	1	
BSU37780	rocA	arginine	1	
BSU12370	exuR	Galacturonate	-1	
BSU12370	exuR	D-fructose-1,6-bisphosphate	1	
BSU12370	exuR	Glucose-6-Phosphate	1	
BSU18180	yngB	unk	-1	
BSU27560	hisS	tRNAhis	-1	
BSU27560	hisS	tRNAasp	-1	
BSU40110	bglA	beta-glucoside-6-phosphate	-1	
BSU30460	ytrA	Ramoplanin::stress	-1	
BSU06660	opuE	D-fructose-1,6-bisphosphate	1	
BSU06660	opuE	Glucose-6-Phosphate	1	
BSU06660	opuE	GTP	1	
BSU06660	opuE	isoleucine	1	
BSU06660	opuE	valine	1	
BSU35620	lytC	unk	0	
BSU24770	mgsR	stress:	1	
BSU24770	mgsR	Ethanol	0	
BSU24770	mgsR	thiol	0	
BSU24770	mgsR	formation	0	
BSU39980	qodI	Flavonoids	-1	
BSU21450	yolJ	unk	0	
BSU16430	cheA	GTP	1	
BSU16430	cheA	isoleucine	1	
BSU16430	cheA	valine	1	
BSU02860	adcC	Zinc	1	
BSU35870	pgsE	unk	-1	
BSU35870	pgsE	Glutamine	-1	
BSU34530	cotR	GTP	1	
BSU34530	cotR	isoleucine	1	
BSU34530	cotR	valine	1	
BSU14710	ylaA	Thiol_specific_oxidative_stress::stress	1	
BSU17980	sspP	GTP	1	
BSU17980	sspP	isoleucine	1	
BSU17980	sspP	valine	1	
BSU18960	yozM	DNA_Damage	1	
BSU18960	yozM	D-fructose-1,6-bisphosphate	1	
BSU18960	yozM	Glucose-6-Phosphate	1	
BSU40710	yybA	unk	0	
BSU30340	ytvA	Thiol_specific_oxidative_stress::stress	1	
BSU27450	glnM	Glutamine	-1	
BSU27450	glnM	GTP	1	
BSU27450	glnM	isoleucine	1	
BSU27450	glnM	valine	1	
BSU15590	sat	S-adenosyl-L-methionine	-1	
BSU15590	sat	O-acetyl-L-serine	-1	
BSU12360	exuT	Galacturonate	-1	
BSU12360	exuT	D-fructose-1,6-bisphosphate	1	
BSU12360	exuT	Glucose-6-Phosphate	1	
BSU24800	yqgW	D-fructose-1,6-bisphosphate	1	
BSU24800	yqgW	Glucose-6-Phosphate	1	
BSU35030	yvoA	N-Acetyl-D-glucosamine-6-phosphate	-1	
BSU35030	yvoA	D-fructose-1,6-bisphosphate	1	
BSU35030	yvoA	Glucose-6-Phosphate	1	
BSU09930	yhaM	DNA_Damage	1	
BSU26640	yrdP	Copper::stress	-1	
BSU26640	yrdP	Zinc::stress	0	
BSU26640	yrdP	Nickel::stress	0	
BSU26640	yrdP	Manganese::stress	0	
BSU26640	yrdP	Molybdenum::stress	0	
BSU39620	yxeA	stress:toxic-peptide	1	
BSU15470	pyrR	UTP	1	
BSU15470	pyrR	PRPP	-1	
BSU15470	pyrR	UMP	1	
BSU15020	coaD	unk	0	
BSU30360	yttA	Glutamine	-1	
BSU35550	tuaG	phosphate	-1	
BSU34560	malL	unk	0	
BSU28420	ysmA	D-fructose-1,6-bisphosphate	1	
BSU28420	ysmA	Glucose-6-Phosphate	1	
BSU25890	yqxI	D-fructose-1,6-bisphosphate	1	
BSU25890	yqxI	Glucose-6-Phosphate	1	
BSU34290	epsI	unk	0	
BSU16350	fliP	GTP	1	
BSU16350	fliP	isoleucine	1	
BSU16350	fliP	valine	1	
BSU35560	tuaF	phosphate	-1	
BSU26440	yrkO	unk	0	
BSU28910	lrgA	D-fructose-1,6-bisphosphate	1	
BSU28910	lrgA	Glucose-6-Phosphate	1	
BSU28910	lrgA	unk	0	
BSU14040	ykuD	D-fructose-1,6-bisphosphate	1	
BSU14040	ykuD	Glucose-6-Phosphate	1	
BSU35420	yvyG	unk	-1	
BSU39610	yxeB	Iron	1	
BSU36300	glcR	unk	0	
BSU13870	ykvZ	beta-glucoside	-1	
BSU16470	sigD	GTP	1	
BSU16470	sigD	isoleucine	1	
BSU16470	sigD	valine	1	
BSU28130	hemB	Hydrogen_peroxide::stress	-1	
BSU12880	ykcB	unk	0	
BSU12880	ykcB	unk	-1	
BSU08100	acoR	D-fructose-1,6-bisphosphate	1	
BSU08100	acoR	Glucose-6-Phosphate	1	
BSU03750	yclJ	Menaquinone	1	
BSU09080	yhcH	4-Aminobutanoate	1	
BSU33221	yvrH	unk	0	
BSU09920	yhaN	DNA_Damage	1	
BSU33720	opuBB	Betaine	1	
BSU33720	opuBB	Choline	-1	
BSU33720	opuBB	GTP	1	
BSU33720	opuBB	isoleucine	1	
BSU33720	opuBB	valine	1	
BSU33720	opuBB	unk	0	
BSU36130	ywrA	unk	0	
BSU31550	yufO	GTP	1	
BSU31550	yufO	isoleucine	1	
BSU31550	yufO	valine	1	
BSU37310	fnr	Menaquinone	1	
BSU37310	fnr	Nitricoxide	-1	
BSU37310	fnr	Oxygen	-1	
BSU39060	citH	D-fructose-1,6-bisphosphate	1	
BSU39060	citH	Glucose-6-Phosphate	1	
BSU32010	besA	Iron	1	
BSU24310	folD	PRPP	-1	
BSU40060	gntK	Gluconate	-1	
BSU40060	gntK	D-fructose-1,6-bisphosphate	1	
BSU40060	gntK	Glucose-6-Phosphate	1	
BSU40060	gntK	unk	0	
BSU33500	copA	Copper	-1	
BSU35750	tagA	unk	-1	
BSU35750	tagA	phosphate	-1	
BSU14890	ctaC	Menaquinone	1	
BSU14890	ctaC	D-fructose-1,6-bisphosphate	1	
BSU14890	ctaC	Glucose-6-Phosphate	1	
BSU34080	yvfS	unk	0	
BSU12870	mhqA	Methylglyoxal::stress	-1	
BSU07570	yflS	Malate::extracellular	1	
BSU35540	tuaH	phosphate	-1	
BSU19540	yodB	Quinone::stress	-1	
BSU29400	ytlI	O-acetyl-L-serine	-1	
BSU29400	ytlI	Thiol_specific_oxidative_stress::stress	1	
BSU29400	ytlI	unk	1	
BSU29590	iscS.1	GTP	1	
BSU29590	iscS.1	isoleucine	1	
BSU29590	iscS.1	valine	1	
BSU01600	ybbA	Iron	1	
BSU01600	ybbA	Iron	-1	
BSU01600	ybbA	Bacillibactin	1	
BSU01600	ybbA	Enterobactin	0	
BSU01600	ybbA	unk	0	
BSU09050	yhcE	4-Aminobutanoate	1	
BSU25800	yqcK	Arsenite::stress	-1	
BSU25800	yqcK	Cadmium::stress	0	
BSU25800	yqcK	Silver::stress	0	
BSU30560	pckA	unk	0	
BSU29600	braB	GTP	1	
BSU29600	braB	isoleucine	1	
BSU29600	braB	valine	1	
BSU34150	ganP	unk	-1	
BSU34150	ganP	D-fructose-1,6-bisphosphate	1	
BSU34150	ganP	Glucose-6-Phosphate	1	
BSU27070	levD	fructose	1	
BSU27070	levD	D-fructose-1,6-bisphosphate	1	
BSU27070	levD	Glucose-6-Phosphate	1	
BSU03360	yciC	Zinc	1	
BSU33830	opuCA	GTP	1	
BSU33830	opuCA	isoleucine	1	
BSU33830	opuCA	valine	1	
BSU33830	opuCA	unk	0	
BSU39760	mmsA	2-deoxy-5-keto-D-gluconic-acid-6-phosphate	-1	
BSU39760	mmsA	D-fructose-1,6-bisphosphate	1	
BSU39760	mmsA	Glucose-6-Phosphate	1	
BSU05830	gmuC	Glucomannan	-1	
BSU05830	gmuC	D-fructose-1,6-bisphosphate	1	
BSU05830	gmuC	Glucose-6-Phosphate	1	
BSU36460	ywoF	Glutamine	-1	
BSU35410	flgK	unk	-1	
BSU33800	opuCD	GTP	1	
BSU33800	opuCD	isoleucine	1	
BSU33800	opuCD	valine	1	
BSU33800	opuCD	unk	0	
BSU33960	araE	D-fructose-1,6-bisphosphate	1	
BSU33960	araE	Glucose-6-Phosphate	1	
BSU33960	araE	Arabinose	-1	
BSU35910	rbsR	D-fructose-1,6-bisphosphate	1	
BSU35910	rbsR	Glucose-6-Phosphate	1	
BSU35910	rbsR	ribose	-1	
BSU01960	skfF	phosphate	-1	
BSU12980	ykfB	GTP	1	
BSU12980	ykfB	isoleucine	1	
BSU12980	ykfB	valine	1	
BSU04050	ycsF	Glutamine	-1	
BSU04050	ycsF	unk	0	
BSU30760	mntB	Mn	1	
BSU39890	yxbB	GTP	1	
BSU39890	yxbB	isoleucine	1	
BSU39890	yxbB	valine	1	
BSU38500	dltA	unk	0	
BSU32870	yusO	stress:	-1	
BSU32870	yusO	fusidic	0	
BSU32870	yusO	acid	0	
BSU32870	yusO	(probably	0	
BSU32870	yusO	other)	0	
BSU36510	amtB	Glutamine	-1	
BSU26700	azlD	4-azaleucine::stress	-1	
BSU31570	yufQ	GTP	1	
BSU31570	yufQ	isoleucine	1	
BSU31570	yufQ	valine	1	
BSU28560	lcfA	Palmitoyl-CoA	1	
BSU28560	lcfA	Oleoyl-CoA	0	
BSU28560	lcfA	D-fructose-1,6-bisphosphate	1	
BSU28560	lcfA	Glucose-6-Phosphate	1	
BSU00850	mcsB	HeatShock	-1	
BSU04520	ydbM	O-acetyl-L-serine	-1	
BSU06510	purN	PRPP	-1	
BSU06510	purN	Hypoxanthine	-1	
BSU06510	purN	Guanine	-1	
BSU17860	yneA	DNA_Damage	1	
BSU17010	ymcB	Iron	1	
BSU22060	pbuX	PRPP	-1	
BSU22060	pbuX	Hypoxanthine	-1	
BSU22060	pbuX	Guanine	-1	
BSU07700	nagP.1	N-Acetyl-D-glucosamine-6-phosphate	-1	
BSU31030	yuaE	GTP	1	
BSU31030	yuaE	isoleucine	1	
BSU31030	yuaE	valine	1	
BSU37170	acdA	Palmitoyl-CoA	1	
BSU37170	acdA	Oleoyl-CoA	0	
BSU38320	cidA	unk	0	
BSU04100	kipR	Glutamine	-1	
BSU04100	kipR	unk	0	
BSU39460	yxeQ	O-acetyl-L-serine	-1	
BSU39460	yxeQ	Thiol_specific_oxidative_stress::stress	1	
BSU12400	yjnA	GTP	1	
BSU12400	yjnA	isoleucine	1	
BSU12400	yjnA	valine	1	
BSU11240	carB	arginine	1	
BSU11240	carB	Glutamine	-1	
BSU40080	gntZ	Gluconate	-1	
BSU40080	gntZ	D-fructose-1,6-bisphosphate	1	
BSU40080	gntZ	Glucose-6-Phosphate	1	
BSU40080	gntZ	unk	0	
BSU19580	yodF	Glutamine	-1	
BSU19580	yodF	GTP	1	
BSU19580	yodF	isoleucine	1	
BSU19580	yodF	valine	1	
BSU16200	fliE	GTP	1	
BSU16200	fliE	isoleucine	1	
BSU16200	fliE	valine	1	
BSU07580	citS	D-fructose-1,6-bisphosphate	1	
BSU07580	citS	Glucose-6-Phosphate	1	
BSU27740	ruvA	DNA_Damage	1	
BSU38980	scoB	D-fructose-1,6-bisphosphate	1	
BSU38980	scoB	Glucose-6-Phosphate	1	
BSU11220	argD	arginine	1	
BSU11220	argD	Glutamine	-1	
BSU12950	dppD	GTP	1	
BSU12950	dppD	isoleucine	1	
BSU12950	dppD	valine	1	
BSU26650	czcD	Copper::stress	-1	
BSU26650	czcD	Zinc::stress	0	
BSU26650	czcD	Nickel::stress	0	
BSU26650	czcD	Manganese::stress	0	
BSU26650	czcD	Molybdenum::stress	0	
BSU14380	fruR	D-fructose-6-phosphate	-1	
BSU14380	fruR	D-fructose-1,6-bisphosphate	1	
BSU14380	fruR	Glucose-6-Phosphate	1	
BSU14110	ykuK	Citrate	-1	
BSU14110	ykuK	D-fructose-1,6-bisphosphate	1	
BSU14110	ykuK	Glucose-6-Phosphate	1	
BSU07500	yfmE	Iron	1	
BSU38030	ywdA	Sucrose	1	
BSU38030	ywdA	D-fructose-1,6-bisphosphate	1	
BSU38030	ywdA	Glucose-6-Phosphate	1	
BSU28080	folC	tRNAval	-1	
BSU19579	yoyD	Glutamine	-1	
BSU19579	yoyD	GTP	1	
BSU19579	yoyD	isoleucine	1	
BSU19579	yoyD	valine	1	
BSU25280	recO	Glutamine	-1	
BSU28450	sdhC	D-fructose-1,6-bisphosphate	1	
BSU28450	sdhC	Glucose-6-Phosphate	1	
BSU29310	ytnJ	unk	1	
BSU29310	ytnJ	O-acetyl-L-serine	-1	
BSU29310	ytnJ	Thiol_specific_oxidative_stress::stress	1	
BSU23240	ypzK	Riboflavin-5-phosphate	-1	
BSU08450	yfiZ	Iron	1	
BSU03480	srfAA	Thiol_specific_oxidative_stress::stress	1	
BSU03480	srfAA	Hydrogen_peroxide::stress	-1	
BSU03480	srfAA	ComX	1	
BSU03480	srfAA	GTP	1	
BSU03480	srfAA	isoleucine	1	
BSU03480	srfAA	valine	1	
BSU03670	dtpT	Glutamine	-1	
BSU16280	flgD	GTP	1	
BSU16280	flgD	isoleucine	1	
BSU16280	flgD	valine	1	
BSU39420	deoC	deoxyribose-5-phosphate	-1	
BSU39420	deoC	D-fructose-1,6-bisphosphate	1	
BSU39420	deoC	Glucose-6-Phosphate	1	
BSU32590	frlN	Fructoselysine6-phosphate	-1	
BSU32590	frlN	GTP	1	
BSU32590	frlN	isoleucine	1	
BSU32590	frlN	valine	1	
BSU22100	kdgA	2-keto-3-deoxygluconate	-1	
BSU22100	kdgA	D-fructose-1,6-bisphosphate	1	
BSU22100	kdgA	Glucose-6-Phosphate	1	
BSU12280	rex.1	NADH	1	
BSU12280	rex.1	NAD	1	
BSU35400	flgL	unk	-1	
BSU00130	serS	tRNAser	-1	
BSU11210	argB	arginine	1	
BSU11210	argB	Glutamine	-1	
BSU13950	mcpC	GTP	1	
BSU13950	mcpC	isoleucine	1	
BSU13950	mcpC	valine	1	
BSU05640	ydgG	DNA_Damage	1	
BSU37330	argS	tRNAarg	-1	
BSU38580	licC	Salicin	1	
BSU38580	licC	D-fructose-1,6-bisphosphate	1	
BSU38580	licC	Glucose-6-Phosphate	1	
BSU38580	licC	ribose	-1	
BSU37360	sboX	Menaquinone	1	
BSU33820	opuCB	GTP	1	
BSU33820	opuCB	isoleucine	1	
BSU33820	opuCB	valine	1	
BSU33820	opuCB	unk	0	
BSU14880	ctaB	Menaquinone	1	
BSU33320	fhuD	Iron	1	
BSU03060	lctP	NADH	1	
BSU03060	lctP	NAD	1	
BSU03060	lctP	Menaquinone	1	
BSU03060	lctP	acetate	1	
BSU03060	lctP	Oxygen	-1	
BSU38560	licH	Salicin	1	
BSU38560	licH	D-fructose-1,6-bisphosphate	1	
BSU38560	licH	Glucose-6-Phosphate	1	
BSU38560	licH	ribose	-1	
BSU14950	ylbB	D-fructose-1,6-bisphosphate	1	
BSU14950	ylbB	Glucose-6-Phosphate	1	
BSU04740	rsbX	D-fructose-1,6-bisphosphate	1	
BSU04740	rsbX	Glucose-6-Phosphate	1	
BSU12960	dppE	GTP	1	
BSU12960	dppE	isoleucine	1	
BSU12960	dppE	valine	1	
BSU36480	ywoD	Ramoplanin::stress	-1	
BSU13310	tnrA	Glutamine	-1	
BSU13310	tnrA	Glutamine	1	
BSU35740	tagD	unk	-1	
BSU35740	tagD	phosphate	-1	
BSU38520	dltC	unk	0	
BSU00760	pabC	Tryptophan	1	
BSU03651	bsdD	Salicylate::stress	1	
BSU13140	ohrA	Organic_peroxides::stress	-1	
BSU00860	clpC	HeatShock	-1	
BSU35860	pgdS	Glutamine	-1	
BSU35900	pgsB	unk	-1	
BSU35900	pgsB	Glutamine	-1	
BSU35590	tuaC	phosphate	-1	
BSU30170	ytcP	D-fructose-1,6-bisphosphate	1	
BSU30170	ytcP	Glucose-6-Phosphate	1	
BSU30170	ytcP	unk	1	
BSU11670	thiO	TPP	-1	
BSU11670	thiO	unk	-1	
BSU18460	gltC	unk	1	
BSU18460	gltC	2-Oxoglutarate	-1	
BSU18460	gltC	Glutamate	0	
BSU18460	gltC	Glutamate	-1	
BSU18460	gltC	Glutamine	-1	
BSU35730	tagE	unk	-1	
BSU35730	tagE	phosphate	-1	
BSU01540	salA	D-fructose-1,6-bisphosphate	1	
BSU01540	salA	Glucose-6-Phosphate	1	
BSU28160	hemX	Hydrogen_peroxide::stress	-1	
BSU29830	ytpQ	Thiol_specific_oxidative_stress::stress	1	
BSU16440	cheW	GTP	1	
BSU16440	cheW	isoleucine	1	
BSU16440	cheW	valine	1	
BSU24000	bmrU	unk	0	
BSU24000	bmrU	Rhodamine6G::stress	1	
BSU24000	bmrU	Tetraphenylphosphonium::stress	0	
BSU39900	aslA	GTP	1	
BSU39900	aslA	isoleucine	1	
BSU39900	aslA	valine	1	
BSU34900	hisB	Histidine	1	
BSU11990	yjdB	phosphate	-1	
BSU22120	kdgR	2-keto-3-deoxygluconate	-1	
BSU22120	kdgR	D-fructose-1,6-bisphosphate	1	
BSU22120	kdgR	Glucose-6-Phosphate	1	
BSU16140	codV	GTP	1	
BSU16140	codV	isoleucine	1	
BSU16140	codV	valine	1	
BSU14120	ykzF	D-fructose-1,6-bisphosphate	1	
BSU14120	ykzF	Glucose-6-Phosphate	1	
BSU14120	ykzF	Citrate	-1	
BSU22110	kdgK	2-keto-3-deoxygluconate	-1	
BSU22110	kdgK	D-fructose-1,6-bisphosphate	1	
BSU22110	kdgK	Glucose-6-Phosphate	1	
BSU26420	yrkQ	unk	0	
BSU26550	yrkD	unk	0	
BSU03630	ubiX	Salicylate::stress	1	
BSU28550	fadR	Palmitoyl-CoA	1	
BSU28550	fadR	Oleoyl-CoA	0	
BSU28550	fadR	D-fructose-1,6-bisphosphate	1	
BSU28550	fadR	Glucose-6-Phosphate	1	
BSU27050	levF	fructose	1	
BSU27050	levF	D-fructose-1,6-bisphosphate	1	
BSU27050	levF	Glucose-6-Phosphate	1	
BSU23070	serA	GTP	1	
BSU23070	serA	isoleucine	1	
BSU23070	serA	valine	1	
BSU09490	yhdJ	unk	0	
BSU28740	araP	D-fructose-1,6-bisphosphate	1	
BSU28740	araP	Glucose-6-Phosphate	1	
BSU28740	araP	Arabinose	-1	
BSU39640	yxdL	stress:toxic-peptide	1	
BSU30220	bioF	Biotin	1	
BSU25830	rapE	ComX	1	
BSU25830	rapE	GTP	1	
BSU25830	rapE	isoleucine	1	
BSU25830	rapE	valine	1	
BSU36020	alsR	acetate	1	
BSU15630	sirC	S-adenosyl-L-methionine	-1	
BSU15630	sirC	O-acetyl-L-serine	-1	
BSU26690	brnQ	4-azaleucine::stress	-1	
BSU02360	nagBB	D-glucosamine-6-phosphate	-1	
BSU24980	pstC	phosphate	-1	
BSU14930	ctaG	Menaquinone	1	
BSU14930	ctaG	D-fructose-1,6-bisphosphate	1	
BSU14930	ctaG	Glucose-6-Phosphate	1	
BSU17400	ymaB	Menaquinone	1	
BSU17400	ymaB	deoxyribonucleotides	-1	
BSU38040	sacA	Sucrose	1	
BSU38040	sacA	D-fructose-1,6-bisphosphate	1	
BSU38040	sacA	Glucose-6-Phosphate	1	
BSU34010	yvbW	tRNAleu	-1	
BSU32410	pucH	Glutamine	-1	
BSU32410	pucH	Allantoin	1	
BSU32410	pucH	Urate	1	
BSU32410	pucH	Allantoate	1	
BSU13700	clpE	HeatShock	-1	
BSU27410	alaS	tRNAala	-1	
BSU10160	yhgE	unk	0	
BSU00960	rlmB	tRNAcys	-1	
BSU37350	sboA	Menaquinone	1	
BSU21870	ilvD	GTP	1	
BSU21870	ilvD	isoleucine	1	
BSU21870	ilvD	valine	1	
BSU15920	acpA	Malonyl-CoA	-1	
BSU09320	yhcY	Bacitracin::stress	1	
BSU23980	artP	arginine	1	
BSU39260	bglH	Salicin	1	
BSU39260	bglH	Arbutin	1	
BSU39260	bglH	D-fructose-1,6-bisphosphate	1	
BSU39260	bglH	Glucose-6-Phosphate	1	
BSU16220	fliG	GTP	1	
BSU16220	fliG	isoleucine	1	
BSU16220	fliG	valine	1	
BSU27730	ruvB	DNA_Damage	1	
BSU24070	buk	GTP	1	
BSU24070	buk	isoleucine	1	
BSU24070	buk	valine	1	
BSU24070	buk	Glutamine	-1	
BSU30380	bceA	Bacitracin::stress	1	
BSU24850	glcK	D-fructose-1,6-bisphosphate	1	
BSU24850	glcK	Glucose-6-Phosphate	1	
BSU07000	yesR	unk	0	
BSU07000	yesR	D-fructose-1,6-bisphosphate	1	
BSU07000	yesR	Glucose-6-Phosphate	1	
BSU40100	ahpF	Hydrogen_peroxide::stress	-1	
BSU35010	nagA	N-Acetyl-D-glucosamine-6-phosphate	-1	
BSU35010	nagA	D-fructose-1,6-bisphosphate	1	
BSU35010	nagA	Glucose-6-Phosphate	1	
BSU15890	plsX	Malonyl-CoA	-1	
BSU15890	plsX	ComX	1	
BSU30190	bioI	Biotin	1	
BSU12500	xkdA	DNA_Damage	1	
BSU07040	yesV	unk	0	
BSU07040	yesV	D-fructose-1,6-bisphosphate	1	
BSU07040	yesV	Glucose-6-Phosphate	1	
BSU28430	sdhB	D-fructose-1,6-bisphosphate	1	
BSU28430	sdhB	Glucose-6-Phosphate	1	
BSU30410	ytrF	Ramoplanin::stress	-1	
BSU18100	parC	DNA_Damage	1	
BSU00830	ctsR	HeatShock	-1	
BSU16170	codY	GTP	1	
BSU16170	codY	isoleucine	1	
BSU16170	codY	valine	1	
BSU14130	ykuL	D-fructose-1,6-bisphosphate	1	
BSU14130	ykuL	Glucose-6-Phosphate	1	
BSU14130	ykuL	Citrate	-1	
BSU40540	yybR	Disulfide_stress_conditions::stress	1	
BSU29280	ytnM	unk	1	
BSU29280	ytnM	O-acetyl-L-serine	-1	
BSU29280	ytnM	Thiol_specific_oxidative_stress::stress	1	
BSU34070	yvfT	unk	0	
BSU10560	yhjM	3-3-neotrehalosadiamine	1	
BSU35760	tagB	unk	-1	
BSU35760	tagB	phosphate	-1	
BSU13600	mtnX	S-adenosyl-L-methionine	-1	
BSU36920	ywlF	Glutamine	-1	
BSU08850	ssuC	O-acetyl-L-serine	-1	
BSU08850	ssuC	Thiol_specific_oxidative_stress::stress	1	
BSU06140	gutR	D-fructose-1,6-bisphosphate	1	
BSU06140	gutR	Glucose-6-Phosphate	1	
BSU06140	gutR	Sorbitol	1	
BSU15610	sumT	S-adenosyl-L-methionine	-1	
BSU15610	sumT	O-acetyl-L-serine	-1	
BSU31090	ktrA	ATP	1	
BSU23800	proI	tRNApro	-1	
BSU03340	folEB	Zinc	1	
BSU15620	sirB	S-adenosyl-L-methionine	-1	
BSU15620	sirB	O-acetyl-L-serine	-1	
BSU39700	iolG	2-deoxy-5-keto-D-gluconic-acid-6-phosphate	-1	
BSU39700	iolG	D-fructose-1,6-bisphosphate	1	
BSU39700	iolG	Glucose-6-Phosphate	1	
BSU08870	ygaN	O-acetyl-L-serine	-1	
BSU08870	ygaN	Thiol_specific_oxidative_stress::stress	1	
BSU27770	yrbE	unk	-1	
BSU39920	asnH	GTP	1	
BSU39920	asnH	isoleucine	1	
BSU39920	asnH	valine	1	
BSU17260	aprX	DNA_Damage	1	
BSU13540	ogt	GTP	1	
BSU13540	ogt	isoleucine	1	
BSU13540	ogt	valine	1	
BSU29450	argG	arginine	1	
BSU11860	yjcH	GTP	1	
BSU11860	yjcH	isoleucine	1	
BSU11860	yjcH	valine	1	
BSU18950	yozL	DNA_Damage	1	
BSU32849	yuzL	Sdpc	1	
BSU32849	yuzL	Palmitoyl-CoA	1	
BSU32849	yuzL	Oleoyl-CoA	0	
BSU32849	yuzL	D-fructose-1,6-bisphosphate	1	
BSU32849	yuzL	Glucose-6-Phosphate	1	
BSU00750	pabA	Tryptophan	1	
BSU31960	dhbF	Iron	1	
BSU11680	thiS	TPP	-1	
BSU11680	thiS	unk	-1	
BSU30990	thiT	TPP	-1	
BSU05800	pbuE	adenine	-1	
BSU14400	fruA	D-fructose-6-phosphate	-1	
BSU14400	fruA	D-fructose-1,6-bisphosphate	1	
BSU14400	fruA	Glucose-6-Phosphate	1	
BSU16390	flhA	GTP	1	
BSU16390	flhA	isoleucine	1	
BSU16390	flhA	valine	1	
BSU10010	trpP	Tryptophan	1	
BSU04460	dctR	Succinate::extracellular	1	
BSU04460	dctR	Fumarate::extracellular	1	
BSU04460	dctR	D-fructose-1,6-bisphosphate	1	
BSU04460	dctR	Glucose-6-Phosphate	1	
BSU11710	thiD	TPP	-1	
BSU11710	thiD	unk	-1	
BSU23130	resC	Menaquinone	1	
BSU23130	resC	phosphate	-1	
BSU23130	resC	D-fructose-1,6-bisphosphate	1	
BSU23130	resC	Glucose-6-Phosphate	1	
BSU16370	fliR	GTP	1	
BSU16370	fliR	isoleucine	1	
BSU16370	fliR	valine	1	
BSU03960	ycnK	Copper	1	
BSU27280	yrrT	Thiol_specific_oxidative_stress::stress	1	
BSU27280	yrrT	O-acetyl-L-serine	-1	
BSU32500	pucB	Glutamine	-1	
BSU32500	pucB	Allantoin	1	
BSU32500	pucB	Urate	1	
BSU32500	pucB	Allantoate	1	
BSU37690	bacF	GTP	1	
BSU37690	bacF	isoleucine	1	
BSU37690	bacF	valine	1	
BSU25840	phrE	ComX	1	
BSU25840	phrE	GTP	1	
BSU25840	phrE	isoleucine	1	
BSU25840	phrE	valine	1	
BSU25840	phrE	D-fructose-1,6-bisphosphate	1	
BSU25840	phrE	Glucose-6-Phosphate	1	
BSU33090	liaS	Bacitracin::stress	1	
BSU16860	ymfH	unk	0	
BSU04450	dctS	Succinate::extracellular	1	
BSU04450	dctS	Fumarate::extracellular	1	
BSU04450	dctS	D-fructose-1,6-bisphosphate	1	
BSU04450	dctS	Glucose-6-Phosphate	1	
BSU02060	ybxG	GTP	1	
BSU02060	ybxG	isoleucine	1	
BSU02060	ybxG	valine	1	
BSU04060	ycsG	Glutamine	-1	
BSU04060	ycsG	unk	0	
BSU13230	thiV	TPP	-1	
BSU06530	purD	PRPP	-1	
BSU06530	purD	Hypoxanthine	-1	
BSU06530	purD	Guanine	-1	
BSU23700	yqjX	DNA_Damage	1	
BSU37760	rocC	Ornithine	1	
BSU37760	rocC	Citrulline	1	
BSU37760	rocC	GTP	1	
BSU37760	rocC	isoleucine	1	
BSU37760	rocC	valine	1	
BSU37760	rocC	arginine	1	
BSU17910	yneF	DNA_Damage	1	
BSU15430	ileS	tRNAile	-1	
BSU02480	gudP	D-Glucarate	-1	
BSU02480	gudP	D-Galactarate	-1	
BSU30430	ytrD	Ramoplanin::stress	-1	
BSU23500	drm	D-fructose-1,6-bisphosphate	1	
BSU23500	drm	Glucose-6-Phosphate	1	
BSU03520	srfAD	Thiol_specific_oxidative_stress::stress	1	
BSU03520	srfAD	Hydrogen_peroxide::stress	-1	
BSU03520	srfAD	ComX	1	
BSU03520	srfAD	GTP	1	
BSU03520	srfAD	isoleucine	1	
BSU03520	srfAD	valine	1	
BSU34120	ganB	unk	-1	
BSU34120	ganB	D-fructose-1,6-bisphosphate	1	
BSU34120	ganB	Glucose-6-Phosphate	1	
BSU07830	yfkO	Disulfide_stress_conditions::stress	1	
BSU14910	ctaE	Menaquinone	1	
BSU14910	ctaE	D-fructose-1,6-bisphosphate	1	
BSU14910	ctaE	Glucose-6-Phosphate	1	
BSU32600	frlO	Fructoselysine6-phosphate	-1	
BSU32600	frlO	GTP	1	
BSU32600	frlO	isoleucine	1	
BSU32600	frlO	valine	1	
BSU12920	dppA	GTP	1	
BSU12920	dppA	isoleucine	1	
BSU12920	dppA	valine	1	
BSU06060	ydiO	DNA_Damage	1	
BSU38820	yxkF	D-fructose-1,6-bisphosphate	1	
BSU38820	yxkF	Glucose-6-Phosphate	1	
BSU24050	bkdAA	GTP	1	
BSU24050	bkdAA	isoleucine	1	
BSU24050	bkdAA	valine	1	
BSU24050	bkdAA	Glutamine	-1	
BSU24020	bmrR	unk	0	
BSU24020	bmrR	Rhodamine6G::stress	1	
BSU24020	bmrR	Tetraphenylphosphonium::stress	0	
BSU33840	yvbF	unk	0	
BSU07990	yfjR	unk	-1	
BSU24040	bkdAB	GTP	1	
BSU24040	bkdAB	isoleucine	1	
BSU24040	bkdAB	valine	1	
BSU24040	bkdAB	Glutamine	-1	
BSU05480	ydfN	Methylglyoxal::stress	-1	
BSU12340	uxuA	Galacturonate	-1	
BSU12340	uxuA	D-fructose-1,6-bisphosphate	1	
BSU12340	uxuA	Glucose-6-Phosphate	1	
BSU03910	gabD	4-Aminobutanoate	1	
BSU03050	ldh	NADH	1	
BSU03050	ldh	NAD	1	
BSU03050	ldh	Menaquinone	1	
BSU03050	ldh	acetate	1	
BSU03050	ldh	Oxygen	-1	
BSU27810	yrbD	Glutamine	-1	
BSU39910	yxnB	GTP	1	
BSU39910	yxnB	isoleucine	1	
BSU39910	yxnB	valine	1	
BSU12380	uxaB	Galacturonate	-1	
BSU12380	uxaB	D-fructose-1,6-bisphosphate	1	
BSU12380	uxaB	Glucose-6-Phosphate	1	
BSU19570	yodE	Methylglyoxal::stress	-1	
BSU38100	ywcH	Thiol_specific_oxidative_stress::stress	1	
BSU14100	ykuJ	Citrate	-1	
BSU14100	ykuJ	D-fructose-1,6-bisphosphate	1	
BSU14100	ykuJ	Glucose-6-Phosphate	1	
BSU31100	ktrB	ATP	1	
BSU27750	bofC	D-fructose-1,6-bisphosphate	1	
BSU27750	bofC	Glucose-6-Phosphate	1	
BSU32090	yuiA	GTP	1	
BSU32090	yuiA	isoleucine	1	
BSU32090	yuiA	valine	1	
BSU32090	yuiA	Glutamine	-1	
BSU32460	pucM	Glutamine	-1	
BSU32460	pucM	Allantoin	1	
BSU32460	pucM	Urate	1	
BSU32460	pucM	Allantoate	1	
BSU33040	fumC	D-fructose-1,6-bisphosphate	1	
BSU33040	fumC	Glucose-6-Phosphate	1	
BSU16360	fliQ	GTP	1	
BSU16360	fliQ	isoleucine	1	
BSU16360	fliQ	valine	1	
BSU16940	recA	DNA_Damage	1	
BSU37410	albE	Menaquinone	1	
BSU33430	cysI	unk	-1	
BSU33430	cysI	Flavonoids::stress	-1	
BSU07100	lplA	D-fructose-1,6-bisphosphate	1	
BSU07100	lplA	Glucose-6-Phosphate	1	
BSU10540	ntdB	3-3-neotrehalosadiamine	1	
BSU07150	yetG	Iron	1	
BSU24080	bcd	GTP	1	
BSU24080	bcd	isoleucine	1	
BSU24080	bcd	valine	1	
BSU24080	bcd	Glutamine	-1	
BSU28120	hemL	Hydrogen_peroxide::stress	-1	
BSU33970	araR	Arabinose	-1	
BSU33970	araR	D-fructose-1,6-bisphosphate	1	
BSU33970	araR	Glucose-6-Phosphate	1	
BSU34620	mdxD	unk	0	
BSU02640	tatCD	phosphate	-1	
BSU35050	yvnA	D-fructose-1,6-bisphosphate	1	
BSU35050	yvnA	Glucose-6-Phosphate	1	
BSU15480	pyrP	UTP	1	
BSU15480	pyrP	PRPP	-1	
BSU15480	pyrP	UMP	1	
BSU01660	ybbD	GTP	1	
BSU01660	ybbD	isoleucine	1	
BSU01660	ybbD	valine	1	
BSU01660	ybbD	N-acetylmuramate-6-phosphate	-1	
BSU29580	thiI	GTP	1	
BSU29580	thiI	isoleucine	1	
BSU29580	thiI	valine	1	
BSU38740	cydC	NADH	1	
BSU38740	cydC	NAD	1	
BSU38740	cydC	Menaquinone	1	
BSU38740	cydC	D-fructose-1,6-bisphosphate	1	
BSU38740	cydC	Glucose-6-Phosphate	1	
BSU27880	nifS	Niacin	1	
BSU35880	pgsA.1	unk	-1	
BSU35880	pgsA.1	Glutamine	-1	
BSU29380	tcyJ	unk	1	
BSU29380	tcyJ	O-acetyl-L-serine	-1	
BSU29380	tcyJ	Thiol_specific_oxidative_stress::stress	1	
BSU13340	ykoM	D-fructose-1,6-bisphosphate	1	
BSU13340	ykoM	Glucose-6-Phosphate	1	
BSU07230	yetM	Flavonoids::stress	-1	
BSU33110	liaG	Bacitracin::stress	1	
BSU36600	mta	unk	0	
BSU38990	scoA	D-fructose-1,6-bisphosphate	1	
BSU38990	scoA	Glucose-6-Phosphate	1	
BSU08980	yhbH	phosphate	-1	
BSU14520	adeC	GTP	1	
BSU14520	adeC	isoleucine	1	
BSU14520	adeC	valine	1	
BSU38960	yxjG	S-adenosyl-L-methionine	-1	
BSU03290	nasE	Glutamine	-1	
BSU03290	nasE	Menaquinone	1	
BSU03290	nasE	Nitricoxide	-1	
BSU03290	nasE	Iron	1	
BSU03290	nasE	GTP	1	
BSU03290	nasE	isoleucine	1	
BSU03290	nasE	valine	1	
BSU02760	natB	Sodium::extracellular	1	
BSU00470	purR	PRPP	-1	
BSU31480	yuxJ	GTP	1	
BSU31480	yuxJ	isoleucine	1	
BSU31480	yuxJ	valine	1	
BSU29370	tcyK	unk	1	
BSU29370	tcyK	O-acetyl-L-serine	-1	
BSU29370	tcyK	Thiol_specific_oxidative_stress::stress	1	
BSU26800	yrpB	unk	-1	
BSU31290	yugT	Thiol_specific_oxidative_stress::stress	1	
BSU06970	yesO	unk	0	
BSU06970	yesO	D-fructose-1,6-bisphosphate	1	
BSU06970	yesO	Glucose-6-Phosphate	1	
BSU39880	yxbC	GTP	1	
BSU39880	yxbC	isoleucine	1	
BSU39880	yxbC	valine	1	
BSU08860	ssuD	O-acetyl-L-serine	-1	
BSU08860	ssuD	Thiol_specific_oxidative_stress::stress	1	
BSU18440	gltB	Glutamine	-1	
BSU18440	gltB	unk	1	
BSU18440	gltB	2-Oxoglutarate	-1	
BSU18440	gltB	Glutamate	0	
BSU18440	gltB	Glutamate	-1	
BSU05230	ydeK	unk	0	
BSU07110	lplB	D-fructose-1,6-bisphosphate	1	
BSU07110	lplB	Glucose-6-Phosphate	1	
BSU08240	catE	Quinone::stress	-1	
BSU39730	iolD	2-deoxy-5-keto-D-gluconic-acid-6-phosphate	-1	
BSU39730	iolD	D-fructose-1,6-bisphosphate	1	
BSU39730	iolD	Glucose-6-Phosphate	1	
BSU10850	yisS	unk	-1	
BSU36010	alsS	NADH	1	
BSU36010	alsS	NAD	1	
BSU36010	alsS	acetate	1	
BSU36010	alsS	D-fructose-1,6-bisphosphate	1	
BSU36010	alsS	Glucose-6-Phosphate	1	
BSU34450	sacB	Sucrose	1	
BSU34450	sacB	unk	-1	
BSU00780	folB	Tryptophan	1	
BSU39740	iolC	2-deoxy-5-keto-D-gluconic-acid-6-phosphate	-1	
BSU39740	iolC	D-fructose-1,6-bisphosphate	1	
BSU39740	iolC	Glucose-6-Phosphate	1	
BSU00090	guaB	GTP	1	
BSU00090	guaB	isoleucine	1	
BSU00090	guaB	valine	1	
BSU35940	rbsA	D-fructose-1,6-bisphosphate	1	
BSU35940	rbsA	Glucose-6-Phosphate	1	
BSU35940	rbsA	ribose	-1	
BSU40420	purA	PRPP	-1	
BSU28260	leuC	Glutamine	-1	
BSU28260	leuC	GTP	1	
BSU28260	leuC	isoleucine	1	
BSU28260	leuC	valine	1	
BSU28260	leuC	D-fructose-1,6-bisphosphate	1	
BSU28260	leuC	Glucose-6-Phosphate	1	
BSU28260	leuC	tRNAleu	-1	
BSU04710	rsbV	D-fructose-1,6-bisphosphate	1	
BSU04710	rsbV	Glucose-6-Phosphate	1	
BSU35790	yvyI	D-fructose-1,6-bisphosphate	1	
BSU35790	yvyI	Glucose-6-Phosphate	1	
BSU34690	yvcS	stress:	1	
BSU34690	yvcS	toxic-peptide	0	
BSU28520	etfA	Palmitoyl-CoA	1	
BSU28520	etfA	Oleoyl-CoA	0	
BSU28520	etfA	D-fructose-1,6-bisphosphate	1	
BSU28520	etfA	Glucose-6-Phosphate	1	
BSU05490	ydfO	Methylglyoxal::stress	-1	
BSU06500	purM	PRPP	-1	
BSU06500	purM	Hypoxanthine	-1	
BSU06500	purM	Guanine	-1	
BSU40720	yyaT	unk	0	
BSU08190	malR	D-maltose-6-phosphate	1	
BSU08190	malR	D-fructose-1,6-bisphosphate	1	
BSU08190	malR	Glucose-6-Phosphate	1	
BSU08190	malR	Malate::extracellular	1	
BSU33950	cggR	D-fructose-1,6-bisphosphate	-1	
BSU06630	yerH	DNA_Damage	1	
BSU10520	glcP	3-3-neotrehalosadiamine	1	
BSU24010	bmr	unk	0	
BSU24010	bmr	Rhodamine6G::stress	1	
BSU24010	bmr	Tetraphenylphosphonium::stress	0	
BSU10490	sipV	DNA_Damage	1	
BSU33460	yvgT	Glutamine	-1	
BSU38050	sacP	Sucrose	1	
BSU38050	sacP	D-fructose-1,6-bisphosphate	1	
BSU38050	sacP	Glucose-6-Phosphate	1	
BSU33120	liaH	Bacitracin::stress	1	
BSU28730	araQ	D-fructose-1,6-bisphosphate	1	
BSU28730	araQ	Glucose-6-Phosphate	1	
BSU28730	araQ	Arabinose	-1	
BSU03010	amhX	GTP	1	
BSU03010	amhX	isoleucine	1	
BSU03010	amhX	valine	1	
BSU33222	rsoA	unk	0	
BSU22640	trpB	Tryptophan	1	
BSU20430	yorC	DNA_Damage	1	
BSU37470	phrF	ComX	1	
BSU13170	guaD	Allantoin	1	
BSU13170	guaD	Urate	1	
BSU13170	guaD	Allantoate	1	
BSU03680	yclG	Glutamine	-1	
BSU17590	xylR	Xylose	-1	
BSU36290	ywpJ	unk	0	
BSU02750	natA	Sodium::extracellular	1	
BSU16420	cheB	GTP	1	
BSU16420	cheB	isoleucine	1	
BSU16420	cheB	valine	1	
BSU01530	cwlD	DNA_Damage	1	
BSU08820	katA	Hydrogen_peroxide::stress	-1	
BSU08060	acoA	D-fructose-1,6-bisphosphate	1	
BSU08060	acoA	Glucose-6-Phosphate	1	
BSU08060	acoA	acetoin	1	
BSU11440	oppB	Glutamine	-1	
BSU11440	oppB	GTP	1	
BSU11440	oppB	isoleucine	1	
BSU11440	oppB	valine	1	
BSU09280	glpF	Glycerol-3-phosphate	1	
BSU09280	glpF	D-fructose-1,6-bisphosphate	1	
BSU09280	glpF	Glucose-6-Phosphate	1	
BSU06160	gutP	Sorbitol	1	
BSU28170	hemA	Hydrogen_peroxide::stress	-1	
BSU36650	ureB	Glutamine	-1	
BSU36650	ureB	Allantoin	1	
BSU36650	ureB	Urate	1	
BSU36650	ureB	Allantoate	1	
BSU36650	ureB	Glutamine	1	
BSU36650	ureB	GTP	1	
BSU36650	ureB	isoleucine	1	
BSU36650	ureB	valine	1	
BSU00740	pabB	Tryptophan	1	
BSU29350	tcyM	unk	1	
BSU29350	tcyM	O-acetyl-L-serine	-1	
BSU29350	tcyM	Thiol_specific_oxidative_stress::stress	1	
BSU03730	yclH	unk	-1	
BSU29340	tcyN	unk	1	
BSU29340	tcyN	O-acetyl-L-serine	-1	
BSU29340	tcyN	Thiol_specific_oxidative_stress::stress	1	
BSU28630	pheT	tRNAphe	-1	
BSU23300	ypuD	DNA_Damage	1	
BSU09590	yhdT	GTP	1	
BSU09590	yhdT	isoleucine	1	
BSU09590	yhdT	valine	1	
BSU14870	ctaA	Menaquinone	1	
BSU38270	efeM	Iron	1	
BSU25810	arsR	Arsenite::stress	-1	
BSU25810	arsR	Cadmium::stress	0	
BSU25810	arsR	Silver::stress	0	
BSU03220	ycgO	Proline	1	
BSU03220	ycgO	GTP	1	
BSU03220	ycgO	isoleucine	1	
BSU03220	ycgO	valine	1	
BSU03220	ycgO	D-fructose-1,6-bisphosphate	1	
BSU03220	ycgO	Glucose-6-Phosphate	1	
BSU25190	cccA	D-fructose-1,6-bisphosphate	1	
BSU25190	cccA	Glucose-6-Phosphate	1	
BSU39000	yxjC	D-fructose-1,6-bisphosphate	1	
BSU39000	yxjC	Glucose-6-Phosphate	1	
BSU05500	ydfP	Methylglyoxal::stress	-1	
BSU14740	ylaD	Thiol_specific_oxidative_stress::stress	1	
BSU40330	rocE	Ornithine	1	
BSU40330	rocE	Citrulline	1	
BSU40330	rocE	GTP	1	
BSU40330	rocE	isoleucine	1	
BSU40330	rocE	valine	1	
BSU40330	rocE	arginine	1	
BSU08840	ssuA	O-acetyl-L-serine	-1	
BSU08840	ssuA	Thiol_specific_oxidative_stress::stress	1	
BSU22730	ndk	D-fructose-1,6-bisphosphate	1	
BSU22730	ndk	Glucose-6-Phosphate	1	
BSU02690	ansZ	Glutamine	-1	
BSU02690	ansZ	GTP	1	
BSU02690	ansZ	isoleucine	1	
BSU02690	ansZ	valine	1	
BSU32820	fadE	Sdpc	1	
BSU32820	fadE	Palmitoyl-CoA	1	
BSU32820	fadE	Oleoyl-CoA	0	
BSU32820	fadE	D-fructose-1,6-bisphosphate	1	
BSU32820	fadE	Glucose-6-Phosphate	1	
BSU11690	thiG	TPP	-1	
BSU11690	thiG	unk	-1	
BSU13890	ptsG	Glucose::extracellular	1	
BSU32480	pucD	Glutamine	-1	
BSU32480	pucD	Allantoin	1	
BSU32480	pucD	Urate	1	
BSU32480	pucD	Allantoate	1	
BSU34090	yvfR	unk	0	
BSU33130	liaI	Bacitracin::stress	1	
BSU25790	arsB	Arsenite::stress	-1	
BSU25790	arsB	Cadmium::stress	0	
BSU25790	arsB	Silver::stress	0	
BSU07840	yfkN	phosphate	-1	
BSU07840	yfkN	D-fructose-1,6-bisphosphate	1	
BSU07840	yfkN	Glucose-6-Phosphate	1	
BSU08230	catD	Quinone::stress	-1	
BSU38970	yxjF	D-fructose-1,6-bisphosphate	1	
BSU38970	yxjF	Glucose-6-Phosphate	1	
BSU26590	blt	unk	0	
BSU26590	blt	Unk	1	
BSU13820	ykvT	unk	-1	
BSU15490	pyrB	UTP	1	
BSU15490	pyrB	PRPP	-1	
BSU15490	pyrB	UMP	1	
BSU18120	alsT	Glutamine	-1	
BSU31980	dhbE	Iron	1	
BSU12350	uxuB	Galacturonate	-1	
BSU12350	uxuB	D-fructose-1,6-bisphosphate	1	
BSU12350	uxuB	Glucose-6-Phosphate	1	
BSU11370	appF	GTP	1	
BSU11370	appF	isoleucine	1	
BSU11370	appF	valine	1	
BSU11370	appF	Glutamine	-1	
BSU35570	tuaE	phosphate	-1	
BSU31050	gbsB	Betaine	1	
BSU31050	gbsB	Choline	-1	
BSU37280	narG	Oxygen	-1	
BSU24990	pstS	phosphate	-1	
BSU37940	ywdJ	Glutamine	-1	
BSU02510	garD	D-Glucarate	-1	
BSU02510	garD	D-Galactarate	-1	
BSU03860	ycnD	unk	0	
BSU13730	queD	Queuosine	-1	
BSU32110	yumC	Glutamine	-1	
BSU32110	yumC	Iron	1	
BSU27440	glnH	Glutamine	-1	
BSU27440	glnH	GTP	1	
BSU27440	glnH	isoleucine	1	
BSU27440	glnH	valine	1	
BSU09090	yhcI	4-Aminobutanoate	1	
BSU29040	ytbD	unk	0	
BSU36900	glyA	PRPP	-1	
BSU29240	ytrI	DNA_Damage	1	
BSU09300	glpD	Glycerol-3-phosphate	1	
BSU09300	glpD	D-fructose-1,6-bisphosphate	1	
BSU09300	glpD	Glucose-6-Phosphate	1	
BSU16400	flhF	GTP	1	
BSU16400	flhF	isoleucine	1	
BSU16400	flhF	valine	1	
BSU15900	fabD	Malonyl-CoA	-1	
BSU15900	fabD	ComX	1	
BSU13000	ykfD	GTP	1	
BSU13000	ykfD	isoleucine	1	
BSU13000	ykfD	valine	1	
BSU28770	araL	D-fructose-1,6-bisphosphate	1	
BSU28770	araL	Glucose-6-Phosphate	1	
BSU28770	araL	Arabinose	-1	
BSU39230	wapA	unk	0	
BSU39230	wapA	unk	-1	
BSU02820	rapJ	Glutamine	-1	
BSU19550	yodC	Quinone::stress	-1	
BSU07800	treP	D-trehalose-6-phosphate	-1	
BSU07800	treP	phosphate	-1	
BSU07800	treP	D-fructose-1,6-bisphosphate	1	
BSU07800	treP	Glucose-6-Phosphate	1	
BSU23490	pupG	D-fructose-1,6-bisphosphate	1	
BSU23490	pupG	Glucose-6-Phosphate	1	
BSU39340	hutP	GTP	1	
BSU39340	hutP	isoleucine	1	
BSU39340	hutP	valine	1	
BSU39340	hutP	D-fructose-1,6-bisphosphate	1	
BSU39340	hutP	Glucose-6-Phosphate	1	
BSU12860	ykbA	PRPP	-1	
BSU39370	hutI	Histidine	1	
BSU39370	hutI	GTP	1	
BSU39370	hutI	isoleucine	1	
BSU39370	hutI	valine	1	
BSU39370	hutI	D-fructose-1,6-bisphosphate	1	
BSU39370	hutI	Glucose-6-Phosphate	1	
BSU40560	yybP	unk	0	
BSU05720	ydhE	Bacitracin::stress	1	
BSU34300	epsH	unk	0	
BSU07510	yfmD	Iron	1	
BSU05899	ydhU.1	Iron	1	
BSU21500	uvrX	DNA_Damage	1	
BSU16460	cheD	GTP	1	
BSU16460	cheD	isoleucine	1	
BSU16460	cheD	valine	1	
BSU19210	yocH	unk	-1	
BSU40350	rocR	Ornithine	1	
BSU40350	rocR	Citrulline	1	
BSU40350	rocR	GTP	1	
BSU40350	rocR	isoleucine	1	
BSU40350	rocR	valine	1	
BSU39930	yxaM	GTP	1	
BSU39930	yxaM	isoleucine	1	
BSU39930	yxaM	valine	1	
BSU07010	yesS	unk	0	
BSU07010	yesS	D-fructose-1,6-bisphosphate	1	
BSU07010	yesS	Glucose-6-Phosphate	1	
BSU03460	hxlA	Formaldehyde::stress	1	
BSU30450	ytrB	Ramoplanin::stress	-1	
BSU21680	msrB	Thiol_specific_oxidative_stress::stress	1	
BSU07220	yetL	Flavonoids::stress	-1	
BSU38760	cydA	NADH	1	
BSU38760	cydA	NAD	1	
BSU38760	cydA	Menaquinone	1	
BSU38760	cydA	D-fructose-1,6-bisphosphate	1	
BSU38760	cydA	Glucose-6-Phosphate	1	
BSU03780	phrC	ComX	1	
BSU03780	phrC	GTP	1	
BSU03780	phrC	isoleucine	1	
BSU03780	phrC	valine	1	
BSU03780	phrC	D-fructose-1,6-bisphosphate	1	
BSU03780	phrC	Glucose-6-Phosphate	1	
BSU36110	ywrC	unk	0	
BSU07610	citM	Citrate::extracellular	1	
BSU07610	citM	D-fructose-1,6-bisphosphate	1	
BSU07610	citM	Glucose-6-Phosphate	1	
BSU05340	ydfA	Arsenite::stress	1	
BSU05340	ydfA	Copper::stress	-1	
BSU05340	ydfA	Zinc::stress	0	
BSU05340	ydfA	Nickel::stress	0	
BSU05340	ydfA	Manganese::stress	0	
BSU05340	ydfA	Molybdenum::stress	0	
BSU33100	liaF	Bacitracin::stress	1	
BSU38229	slrA	unk	-1	
BSU29020	gapB	unk	0	
BSU03830	yclQ	Iron	1	
BSU28750	araN	D-fructose-1,6-bisphosphate	1	
BSU28750	araN	Glucose-6-Phosphate	1	
BSU28750	araN	Arabinose	-1	
BSU15530	pyrK	UTP	1	
BSU15530	pyrK	PRPP	-1	
BSU15530	pyrK	UMP	1	
BSU35920	rbsK	D-fructose-1,6-bisphosphate	1	
BSU35920	rbsK	Glucose-6-Phosphate	1	
BSU35920	rbsK	ribose	-1	
BSU34870	hisF	Histidine	1	
BSU01889	ybzH	unk	0	
BSU16340	fliZ	GTP	1	
BSU16340	fliZ	isoleucine	1	
BSU16340	fliZ	valine	1	
BSU14410	sipT	unk	-1	
BSU05380	ydfE	unk	0	
BSU32530	pucF	Allantoin	1	
BSU32530	pucF	Urate	1	
BSU32530	pucF	Allantoate	1	
BSU39720	iolE	2-deoxy-5-keto-D-gluconic-acid-6-phosphate	-1	
BSU39720	iolE	D-fructose-1,6-bisphosphate	1	
BSU39720	iolE	Glucose-6-Phosphate	1	
BSU31220	yuxG	L-rhamnulose-1-phosphate	-1	
BSU39020	yxjA	Hypoxanthine	-1	
BSU39020	yxjA	Guanine	-1	
BSU03270	ycgT	Iron	1	
BSU03230	ycgP	Proline	1	
BSU03230	ycgP	GTP	1	
BSU03230	ycgP	isoleucine	1	
BSU03230	ycgP	valine	1	
BSU32570	frlD	Fructoselysine6-phosphate	-1	
BSU32570	frlD	GTP	1	
BSU32570	frlD	isoleucine	1	
BSU32570	frlD	valine	1	
BSU30270	msmE	D-fructose-1,6-bisphosphate	1	
BSU30270	msmE	Glucose-6-Phosphate	1	
BSU30270	msmE	unk	-1	
BSU30240	bioW	Biotin	1	
BSU33710	opuBC	Betaine	1	
BSU33710	opuBC	Choline	-1	
BSU33710	opuBC	GTP	1	
BSU33710	opuBC	isoleucine	1	
BSU33710	opuBC	valine	1	
BSU33710	opuBC	unk	0	
BSU08080	acoC	D-fructose-1,6-bisphosphate	1	
BSU08080	acoC	Glucose-6-Phosphate	1	
BSU08080	acoC	acetoin	1	
BSU34310	epsG	unk	0	
BSU12970	ykfA	GTP	1	
BSU12970	ykfA	isoleucine	1	
BSU12970	ykfA	valine	1	
BSU29630	yttP	phosphate	-1	
BSU29630	yttP	D-fructose-1,6-bisphosphate	1	
BSU29630	yttP	Glucose-6-Phosphate	1	
BSU19190	desK	unk	-1	
BSU08180	malA	D-maltose-6-phosphate	1	
BSU08180	malA	D-fructose-1,6-bisphosphate	1	
BSU08180	malA	Glucose-6-Phosphate	1	
BSU08180	malA	Malate::extracellular	1	
BSU40070	gntP	Gluconate	-1	
BSU40070	gntP	D-fructose-1,6-bisphosphate	1	
BSU40070	gntP	Glucose-6-Phosphate	1	
BSU40070	gntP	unk	0	
BSU22650	trpF	Tryptophan	1	
BSU11390	appB	GTP	1	
BSU11390	appB	isoleucine	1	
BSU11390	appB	valine	1	
BSU11390	appB	Glutamine	-1	
BSU06610	pcrA	DNA_Damage	1	
BSU39220	yxxG	unk	0	
BSU39220	yxxG	unk	-1	
BSU24280	ispA.1	unk	-1	
BSU33180	yvrC	Adenosylcobalamin	1	
BSU03890	gabR	4-Aminobutanoate	1	
BSU13620	mtnD	S-adenosyl-L-methionine	-1	
BSU01890	ybcL	unk	0	
BSU29100	phoR	phosphate	-1	
BSU29100	phoR	D-fructose-1,6-bisphosphate	1	
BSU29100	phoR	Glucose-6-Phosphate	1	
BSU29100	phoR	Menaquinone	1	
BSU32080	yuiB	GTP	1	
BSU32080	yuiB	isoleucine	1	
BSU32080	yuiB	valine	1	
BSU32080	yuiB	Glutamine	-1	
BSU33910	pgm	D-fructose-1,6-bisphosphate	-1	
BSU32610	frlB	Fructoselysine6-phosphate	-1	
BSU32610	frlB	GTP	1	
BSU32610	frlB	isoleucine	1	
BSU32610	frlB	valine	1	
BSU03870	ycnE	unk	0	
BSU26710	azlC	4-azaleucine::stress	-1	
BSU32510	pucA	Glutamine	-1	
BSU32510	pucA	Allantoin	1	
BSU32510	pucA	Urate	1	
BSU32510	pucA	Allantoate	1	
BSU39470	yxeP	O-acetyl-L-serine	-1	
BSU39470	yxeP	Thiol_specific_oxidative_stress::stress	1	
BSU40280	yycO	phosphate	-1	
BSU22600	aroE	Tryptophan	1	
BSU00840	mcsA	HeatShock	-1	
BSU15500	pyrC	UTP	1	
BSU15500	pyrC	PRPP	-1	
BSU15500	pyrC	UMP	1	
BSU11660	tenI	TPP	-1	
BSU11660	tenI	unk	-1	
BSU37560	thrZ	tRNAthr	-1	
BSU32469	yuzJ	Glutamine	-1	
BSU32469	yuzJ	Allantoin	1	
BSU32469	yuzJ	Urate	1	
BSU32469	yuzJ	Allantoate	1	
BSU27060	levE	fructose	1	
BSU27060	levE	D-fructose-1,6-bisphosphate	1	
BSU27060	levE	Glucose-6-Phosphate	1	
BSU18240	yngHA	D-fructose-1,6-bisphosphate	1	
BSU18240	yngHA	Glucose-6-Phosphate	1	
BSU34550	pgcM	unk	0	
BSU34540	clpP	HeatShock	-1	
BSU29130	icd	Iron	-1	
BSU29130	icd	Citrate	-1	
BSU29130	icd	D-fructose-1,6-bisphosphate	1	
BSU29130	icd	Glucose-6-Phosphate	1	
BSU29130	icd	GTP	1	
BSU29130	icd	isoleucine	1	
BSU29130	icd	valine	1	
BSU33810	opuCC	GTP	1	
BSU33810	opuCC	isoleucine	1	
BSU33810	opuCC	valine	1	
BSU33810	opuCC	unk	0	
BSU18170	yngA	unk	-1	
BSU24860	yqgQ	D-fructose-1,6-bisphosphate	1	
BSU24860	yqgQ	Glucose-6-Phosphate	1	
BSU16190	flgC	GTP	1	
BSU16190	flgC	isoleucine	1	
BSU16190	flgC	valine	1	
BSU38310	ywbI	unk	0	
BSU12330	yjmD	Galacturonate	-1	
BSU12330	yjmD	D-fructose-1,6-bisphosphate	1	
BSU12330	yjmD	Glucose-6-Phosphate	1	
BSU11700	thiF	TPP	-1	
BSU11700	thiF	unk	-1	
BSU06460	purS	PRPP	-1	
BSU06460	purS	Hypoxanthine	-1	
BSU06460	purS	Guanine	-1	
BSU40320	argI	Ornithine	1	
BSU40320	argI	Citrulline	1	
BSU40320	argI	GTP	1	
BSU40320	argI	isoleucine	1	
BSU40320	argI	valine	1	
BSU40320	argI	arginine	1	
BSU17390	nrdF	Menaquinone	1	
BSU17390	nrdF	deoxyribonucleotides	-1	
BSU27460	glnP	Glutamine	-1	
BSU27460	glnP	GTP	1	
BSU27460	glnP	isoleucine	1	
BSU27460	glnP	valine	1	
BSU36640	ureC	Glutamine	-1	
BSU36640	ureC	Allantoin	1	
BSU36640	ureC	Urate	1	
BSU36640	ureC	Allantoate	1	
BSU36640	ureC	Glutamine	1	
BSU36640	ureC	GTP	1	
BSU36640	ureC	isoleucine	1	
BSU36640	ureC	valine	1	
BSU18870	yozI	Hydrogen_peroxide::stress	-1	
BSU23310	sipS	unk	-1	
BSU29010	speD	unk	0	
BSU30300	melA	D-fructose-1,6-bisphosphate	1	
BSU30300	melA	Glucose-6-Phosphate	1	
BSU30300	melA	unk	-1	
BSU00810	dusB	Tryptophan	1	
BSU14060	fadH	Palmitoyl-CoA	1	
BSU14060	fadH	Oleoyl-CoA	0	
BSU06070	ydiP	DNA_Damage	1	
BSU14160	ykuO	Iron	1	
BSU37150	pyrG	CTP	-1	
BSU25690	sda	DNA_Damage	1	
BSU10350	yhfS	Biotin	1	
BSU22130	kduI	2-keto-3-deoxygluconate	-1	
BSU22130	kduI	D-fructose-1,6-bisphosphate	1	
BSU22130	kduI	Glucose-6-Phosphate	1	
BSU40490	yycA	unk	-1	
BSU40490	yycA	Glutamine	-1	
BSU19230	yocJ	Quinone::stress	-1	
BSU37420	albF	Menaquinone	1	
BSU09480	yhdI	unk	0	
BSU40090	ahpC	Hydrogen_peroxide::stress	-1	
BSU21770	ilvA	GTP	1	
BSU21770	ilvA	isoleucine	1	
BSU21770	ilvA	valine	1	
BSU32490	pucC	Glutamine	-1	
BSU32490	pucC	Allantoin	1	
BSU32490	pucC	Urate	1	
BSU32490	pucC	Allantoate	1	
BSU03950	ycnJ	Copper	1	
BSU03950	ycnJ	Copper	-1	
BSU24790	yqgX	D-fructose-1,6-bisphosphate	1	
BSU24790	yqgX	Glucose-6-Phosphate	1	
BSU05330	aseR	Arsenite::stress	1	
BSU05330	aseR	Copper::stress	-1	
BSU05330	aseR	Zinc::stress	0	
BSU05330	aseR	Nickel::stress	0	
BSU05330	aseR	Manganese::stress	0	
BSU05330	aseR	Molybdenum::stress	0	
BSU38530	dltD	unk	0	
BSU10070	yhaA	GTP	1	
BSU10070	yhaA	isoleucine	1	
BSU10070	yhaA	valine	1	
BSU00730	cysK	Thiol_specific_oxidative_stress::stress	1	
BSU00730	cysK	O-acetyl-L-serine	-1	
BSU28150	hemC	Hydrogen_peroxide::stress	-1	
BSU17850	lexA	DNA_Damage	1	
BSU00790	folK	Tryptophan	1	
BSU39400	pdp	deoxyribose-5-phosphate	-1	
BSU39400	pdp	D-fructose-1,6-bisphosphate	1	
BSU39400	pdp	Glucose-6-Phosphate	1	
BSU27870	nadB	Niacin	1	
BSU12440	phrA	ComX	1	
BSU12440	phrA	GTP	1	
BSU12440	phrA	isoleucine	1	
BSU12440	phrA	valine	1	
BSU02850	adcA	Zinc	1	
BSU06480	purL	PRPP	-1	
BSU06480	purL	Hypoxanthine	-1	
BSU06480	purL	Guanine	-1	
BSU35490	degU	Glutamine	-1	
BSU35490	degU	unk	-1	
BSU35490	degU	D-fructose-1,6-bisphosphate	1	
BSU35490	degU	Glucose-6-Phosphate	1	
BSU37380	albB	Menaquinone	1	
BSU12990	ykfC	GTP	1	
BSU12990	ykfC	isoleucine	1	
BSU12990	ykfC	valine	1	
BSU08480	yfhC	Iron	1	
BSU34160	cycB	unk	-1	
BSU34160	cycB	D-fructose-1,6-bisphosphate	1	
BSU34160	cycB	Glucose-6-Phosphate	1	
BSU22560	qcrA	Menaquinone	1	
BSU22560	qcrA	D-fructose-1,6-bisphosphate	1	
BSU22560	qcrA	Glucose-6-Phosphate	1	
BSU15520	pyrAB	UTP	1	
BSU15520	pyrAB	PRPP	-1	
BSU15520	pyrAB	UMP	1	
BSU19340	yocR	GTP	1	
BSU19340	yocR	isoleucine	1	
BSU19340	yocR	valine	1	
BSU37230	ywjA	Iron	1	
BSU29239	ytrH	DNA_Damage	1	
BSU18220	yngF	D-fructose-1,6-bisphosphate	1	
BSU18220	yngF	Glucose-6-Phosphate	1	
BSU15300	bpr	unk	-1	
BSU35890	pgsC	unk	-1	
BSU35890	pgsC	Glutamine	-1	
BSU34250	epsL	unk	0	
BSU16410	ylxH	GTP	1	
BSU16410	ylxH	isoleucine	1	
BSU16410	ylxH	valine	1	
BSU16090	sucC	D-fructose-1,6-bisphosphate	1	
BSU16090	sucC	Glucose-6-Phosphate	1	
BSU32750	metQ	S-adenosyl-L-methionine	-1	
BSU32750	metQ	GTP	1	
BSU32750	metQ	isoleucine	1	
BSU32750	metQ	valine	1	
BSU34590	mdxG	unk	0	
BSU26720	azlB	4-azaleucine::stress	-1	
BSU01820	adaB	Methylating::stress	1	
BSU05840	gmuD	Glucomannan	-1	
BSU05840	gmuD	D-fructose-1,6-bisphosphate	1	
BSU05840	gmuD	Glucose-6-Phosphate	1	
BSU37770	rocB	Ornithine	1	
BSU37770	rocB	Citrulline	1	
BSU37770	rocB	GTP	1	
BSU37770	rocB	isoleucine	1	
BSU37770	rocB	valine	1	
BSU37770	rocB	arginine	1	
BSU07400	yfmO	unk	0	
BSU32980	yusZ	GTP	1	
BSU32980	yusZ	isoleucine	1	
BSU32980	yusZ	valine	1	
BSU39500	yxeM	O-acetyl-L-serine	-1	
BSU39500	yxeM	Thiol_specific_oxidative_stress::stress	1	
BSU26500	yrkI	unk	0	
BSU30210	bioD	Biotin	1	
BSU29470	ackA	GTP	1	
BSU29470	ackA	isoleucine	1	
BSU29470	ackA	valine	1	
BSU29470	ackA	D-fructose-1,6-bisphosphate	1	
BSU29470	ackA	Glucose-6-Phosphate	1	
BSU37400	albD	Menaquinone	1	
BSU30700	rpmEB	Zinc	1	
BSU24560	gcvPA	Glycine	0	
BSU24560	gcvPA	tRNAgly	-1	
BSU39350	hutH	Histidine	1	
BSU39350	hutH	GTP	1	
BSU39350	hutH	isoleucine	1	
BSU39350	hutH	valine	1	
BSU39350	hutH	D-fructose-1,6-bisphosphate	1	
BSU39350	hutH	Glucose-6-Phosphate	1	
BSU25780	arsC	Arsenite::stress	-1	
BSU25780	arsC	Cadmium::stress	0	
BSU25780	arsC	Silver::stress	0	
BSU34320	epsF	unk	0	
BSU21460	bdbA	unk	0	
BSU34130	ganA	unk	-1	
BSU34130	ganA	D-fructose-1,6-bisphosphate	1	
BSU34130	ganA	Glucose-6-Phosphate	1	
BSU10770	wprA	unk	0	
BSU10770	wprA	D-fructose-1,6-bisphosphate	1	
BSU10770	wprA	Glucose-6-Phosphate	1	
BSU07820	treR	D-trehalose-6-phosphate	-1	
BSU07820	treR	phosphate	-1	
BSU07820	treR	D-fructose-1,6-bisphosphate	1	
BSU07820	treR	Glucose-6-Phosphate	1	
BSU26830	yrpE	Zinc	1	
BSU16290	flgE	GTP	1	
BSU16290	flgE	isoleucine	1	
BSU16290	flgE	valine	1	
BSU16450	cheC	GTP	1	
BSU16450	cheC	isoleucine	1	
BSU16450	cheC	valine	1	
BSU11381	appA	GTP	1	
BSU11381	appA	isoleucine	1	
BSU11381	appA	valine	1	
BSU11381	appA	Glutamine	-1	
BSU09330	yhcZ	Bacitracin::stress	1	
BSU01910	skfA	phosphate	-1	
BSU11450	oppC	Glutamine	-1	
BSU11450	oppC	GTP	1	
BSU11450	oppC	isoleucine	1	
BSU11450	oppC	valine	1	
BSU23720	yqzH	DNA_Damage	1	
BSU28690	glcF	D-fructose-1,6-bisphosphate	1	
BSU28690	glcF	Glucose-6-Phosphate	1	
BSU21760	ypmP	GTP	1	
BSU21760	ypmP	isoleucine	1	
BSU21760	ypmP	valine	1	
BSU29050	ytbE	unk	0	
BSU03040	amyE	D-fructose-1,6-bisphosphate	1	
BSU03040	amyE	Glucose-6-Phosphate	1	
BSU03040	amyE	unk	-1	
BSU01670	ybbE	GTP	1	
BSU01670	ybbE	isoleucine	1	
BSU01670	ybbE	valine	1	
BSU01670	ybbE	N-acetylmuramate-6-phosphate	-1	
BSU34890	hisH	Histidine	1	
BSU05630	dinB	DNA_Damage	1	
BSU22610	tyrA	Tryptophan	1	
BSU37370	albA	Menaquinone	1	
BSU37180	fadF	Palmitoyl-CoA	1	
BSU37180	fadF	Oleoyl-CoA	0	
BSU06470	purQ	PRPP	-1	
BSU06470	purQ	Hypoxanthine	-1	
BSU06470	purQ	Guanine	-1	
BSU35170	uvrB	DNA_Damage	1	
BSU28190	ysxC	HeatShock	-1	
BSU35580	tuaD	phosphate	-1	
BSU09410	phoA	phosphate	-1	
BSU09410	phoA	unk	-1	
BSU09410	phoA	GTP	1	
BSU09410	phoA	isoleucine	1	
BSU09410	phoA	valine	1	
BSU28790	araB	D-fructose-1,6-bisphosphate	1	
BSU28790	araB	Glucose-6-Phosphate	1	
BSU28790	araB	Arabinose	-1	
BSU31080	yuaB	unk	-1	
BSU35360	hag	GTP	1	
BSU35360	hag	isoleucine	1	
BSU35360	hag	valine	1	
BSU26410	psiE	unk	0	
BSU15340	ylmA	GTP	1	
BSU15340	ylmA	isoleucine	1	
BSU15340	ylmA	valine	1	
BSU18000	citB	GTP	1	
BSU18000	citB	isoleucine	1	
BSU18000	citB	valine	1	
BSU18000	citB	Citrate	-1	
BSU18000	citB	D-fructose-1,6-bisphosphate	1	
BSU18000	citB	Glucose-6-Phosphate	1	
BSU18000	citB	Glutamine	-1	
BSU35630	lytB	unk	0	
BSU13560	mtnK	S-adenosyl-L-methionine	-1	
BSU12020	manA	Mannose	1	
BSU13040	hmp	Menaquinone	1	
BSU13040	hmp	Nitricoxide	-1	
BSU30370	bceB	Bacitracin::stress	1	
BSU02420	glnT	Glutamine::extracellular	1	
BSU02420	glnT	D-fructose-1,6-bisphosphate	1	
BSU02420	glnT	Glucose-6-Phosphate	1	
BSU29390	ytmI	unk	1	
BSU29390	ytmI	O-acetyl-L-serine	-1	
BSU29390	ytmI	Thiol_specific_oxidative_stress::stress	1	
BSU02630	tatAD	phosphate	-1	
BSU07030	yesU	unk	0	
BSU07030	yesU	D-fructose-1,6-bisphosphate	1	
BSU07030	yesU	Glucose-6-Phosphate	1	
BSU31490	pbpD	GTP	1	
BSU31490	pbpD	isoleucine	1	
BSU31490	pbpD	valine	1	
BSU15540	pyrD	UTP	1	
BSU15540	pyrD	PRPP	-1	
BSU15540	pyrD	UMP	1	
BSU24750	yqhB	DNA_Damage	1	
BSU00940	cysS	tRNAcys	-1	
BSU34190	yvfH	ComX	1	
BSU34190	yvfH	Lactate	-1	
BSU36120	ywrB	unk	0	
BSU38750	cydB	NADH	1	
BSU38750	cydB	NAD	1	
BSU38750	cydB	Menaquinone	1	
BSU38750	cydB	D-fructose-1,6-bisphosphate	1	
BSU38750	cydB	Glucose-6-Phosphate	1	
BSU37480	ywhH	ComX	1	
BSU08200	malP	D-maltose-6-phosphate	1	
BSU08200	malP	D-fructose-1,6-bisphosphate	1	
BSU08200	malP	Glucose-6-Phosphate	1	
BSU08200	malP	Malate::extracellular	1	
BSU28310	ilvB	Glutamine	-1	
BSU28310	ilvB	GTP	1	
BSU28310	ilvB	isoleucine	1	
BSU28310	ilvB	valine	1	
BSU28310	ilvB	D-fructose-1,6-bisphosphate	1	
BSU28310	ilvB	Glucose-6-Phosphate	1	
BSU28310	ilvB	tRNAleu	-1	
BSU34180	yvfI	Lactate	-1	
BSU34180	yvfI	D-fructose-1,6-bisphosphate	1	
BSU34180	yvfI	Glucose-6-Phosphate	1	
BSU33290	fhuC	Iron	1	
BSU09070	yhcG	4-Aminobutanoate	1	
BSU35720	tagF	unk	-1	
BSU35720	tagF	phosphate	-1	
BSU07490	yfmF	Iron	1	
BSU23100	sigX	unk	0	
BSU15510	pyrAA	UTP	1	
BSU15510	pyrAA	PRPP	-1	
BSU15510	pyrAA	UMP	1	
BSU16260	ylxF	GTP	1	
BSU16260	ylxF	isoleucine	1	
BSU16260	ylxF	valine	1	
BSU09430	citR	GTP	1	
BSU09430	citR	isoleucine	1	
BSU09430	citR	valine	1	
BSU09430	citR	unk	-1	
BSU38570	licA	Salicin	1	
BSU38570	licA	D-fructose-1,6-bisphosphate	1	
BSU38570	licA	Glucose-6-Phosphate	1	
BSU38570	licA	ribose	-1	
BSU34930	hisZ	Histidine	1	
BSU32030	bioYB	Biotin	1	
BSU02130	glpQ	phosphate	-1	
BSU02130	glpQ	Glycerol-3-phosphate	1	
BSU02130	glpQ	D-fructose-1,6-bisphosphate	1	
BSU02130	glpQ	Glucose-6-Phosphate	1	
BSU00490	spoVG	GTP	1	
BSU00490	spoVG	isoleucine	1	
BSU00490	spoVG	valine	1	
BSU34600	mdxF	unk	0	
BSU23110	resE	Menaquinone	1	
BSU23110	resE	phosphate	-1	
BSU23110	resE	D-fructose-1,6-bisphosphate	1	
BSU23110	resE	Glucose-6-Phosphate	1	
BSU02540	ycbK	tRNAtrp	-1	
BSU02540	ycbK	Tryptophan	1	
BSU01640	ybbB	Iron	1	
BSU38420	sacY	Sucrose	1	
BSU38420	sacY	unk	-1	
BSU33940	gapA	D-fructose-1,6-bisphosphate	-1	
BSU05860	gmuE	Glucomannan	-1	
BSU05860	gmuE	D-fructose-1,6-bisphosphate	1	
BSU05860	gmuE	Glucose-6-Phosphate	1	
BSU22090	kdgT	2-keto-3-deoxygluconate	-1	
BSU22090	kdgT	D-fructose-1,6-bisphosphate	1	
BSU22090	kdgT	Glucose-6-Phosphate	1	
BSU16210	fliF	GTP	1	
BSU16210	fliF	isoleucine	1	
BSU16210	fliF	valine	1	
BSU39510	yxeL	O-acetyl-L-serine	-1	
BSU39510	yxeL	Thiol_specific_oxidative_stress::stress	1	
BSU28290	ilvC	Glutamine	-1	
BSU28290	ilvC	GTP	1	
BSU28290	ilvC	isoleucine	1	
BSU28290	ilvC	valine	1	
BSU28290	ilvC	D-fructose-1,6-bisphosphate	1	
BSU28290	ilvC	Glucose-6-Phosphate	1	
BSU28290	ilvC	tRNAleu	-1	
BSU09130	tcyP	O-acetyl-L-serine	-1	
BSU03810	yclO	Iron	1	
BSU36520	glnK	Glutamine	-1	
BSU03310	nasC	Glutamine	-1	
BSU03310	nasC	Glutamine	1	
BSU03310	nasC	Oxygen	1	
BSU33300	fhuG	Iron	1	
BSU34400	padC	Phenolic_acids:stress	-1	
BSU09290	glpK	Glycerol-3-phosphate	1	
BSU09290	glpK	D-fructose-1,6-bisphosphate	1	
BSU09290	glpK	Glucose-6-Phosphate	1	
BSU14170	ykuP	Iron	1	
BSU36490	ywoC	Ramoplanin::stress	-1	
BSU02140	glpT	Glycerol-3-phosphate	1	
BSU02140	glpT	D-fructose-1,6-bisphosphate	1	
BSU02140	glpT	Glucose-6-Phosphate	1	
BSU33930	pgk	D-fructose-1,6-bisphosphate	-1	
BSU12390	uxaA	Galacturonate	-1	
BSU12390	uxaA	D-fructose-1,6-bisphosphate	1	
BSU12390	uxaA	Glucose-6-Phosphate	1	
BSU39360	hutU	Histidine	1	
BSU39360	hutU	GTP	1	
BSU39360	hutU	isoleucine	1	
BSU39360	hutU	valine	1	
BSU39360	hutU	D-fructose-1,6-bisphosphate	1	
BSU39360	hutU	Glucose-6-Phosphate	1	
BSU29330	ytmO	unk	1	
BSU29330	ytmO	O-acetyl-L-serine	-1	
BSU29330	ytmO	Thiol_specific_oxidative_stress::stress	1	
BSU12940	dppC	GTP	1	
BSU12940	dppC	isoleucine	1	
BSU12940	dppC	valine	1	
BSU09560	cueR	GTP	1	
BSU09560	cueR	isoleucine	1	
BSU09560	cueR	valine	1	
BSU02870	adcB	Zinc	1	
BSU03982	mtlF	Mannitol	1	
BSU03982	mtlF	D-fructose-1,6-bisphosphate	1	
BSU03982	mtlF	Glucose-6-Phosphate	1	
BSU17020	ymcA	Iron	1	
BSU29820	ytpR	Thiol_specific_oxidative_stress::stress	1	
BSU29670	tyrS	tRNAtyr	-1	
BSU18230	yngG	D-fructose-1,6-bisphosphate	1	
BSU18230	yngG	Glucose-6-Phosphate	1	
BSU13220	thiW	TPP	-1	
BSU10450	yhjB	GTP	1	
BSU10450	yhjB	isoleucine	1	
BSU10450	yhjB	valine	1	
BSU22790	hbs	DNA_Damage	1	
BSU35430	flgM	unk	-1	
BSU23260	ribAB	Riboflavin-5-phosphate	-1	
BSU19200	desR	unk	-1	
BSU10460	yhjC	GTP	1	
BSU10460	yhjC	isoleucine	1	
BSU10460	yhjC	valine	1	
BSU23710	polYB	DNA_Damage	1	
BSU24740	yqxL	DNA_Damage	1	
BSU35930	rbsD	D-fructose-1,6-bisphosphate	1	
BSU35930	rbsD	Glucose-6-Phosphate	1	
BSU35930	rbsD	ribose	-1	
BSU35950	rbsC	D-fructose-1,6-bisphosphate	1	
BSU35950	rbsC	Glucose-6-Phosphate	1	
BSU35950	rbsC	ribose	-1	
BSU37320	narK	Nitricoxide	-1	
BSU37320	narK	Oxygen	-1	
BSU27260	mccA	Thiol_specific_oxidative_stress::stress	1	
BSU27260	mccA	O-acetyl-L-serine	-1	
BSU39780	iolS	2-deoxy-5-keto-D-gluconic-acid-6-phosphate	-1	
BSU36100	ywrD	Glutamine	-1	
BSU27040	levG	fructose	1	
BSU27040	levG	D-fructose-1,6-bisphosphate	1	
BSU27040	levG	Glucose-6-Phosphate	1	
BSU24150	mmgC	D-fructose-1,6-bisphosphate	1	
BSU24150	mmgC	Glucose-6-Phosphate	1	
BSU37950	ywdI	Glutamine	-1	
BSU12000	manR	Mannose	1	
BSU12000	manR	D-fructose-1,6-bisphosphate	1	
BSU12000	manR	Glucose-6-Phosphate	1	
BSU22540	qcrC	Menaquinone	1	
BSU22540	qcrC	D-fructose-1,6-bisphosphate	1	
BSU22540	qcrC	Glucose-6-Phosphate	1	
BSU38400	epr	unk	-1	
BSU01980	skfH	phosphate	-1	
BSU00800	yazB	Tryptophan	1	
BSU01610	feuC	Iron	1	
BSU01610	feuC	Iron	-1	
BSU01610	feuC	Bacillibactin	1	
BSU01610	feuC	Enterobactin	0	
BSU01610	feuC	unk	0	
BSU13440	ykoY	unk	0	
BSU26490	yrkJ	unk	0	
BSU17610	xylB	Xylose	-1	
BSU17610	xylB	D-fructose-1,6-bisphosphate	1	
BSU17610	xylB	Glucose-6-Phosphate	1	
BSU17610	xylB	unk	0	
BSU38930	yxjJ	unk	-1	
BSU19350	yocS	GTP	1	
BSU19350	yocS	isoleucine	1	
BSU19350	yocS	valine	1	
BSU13740	queE	Queuosine	-1	
BSU31210	yulB	L-rhamnulose-1-phosphate	-1	
BSU16150	clpQ	GTP	1	
BSU16150	clpQ	isoleucine	1	
BSU16150	clpQ	valine	1	
BSU28900	lrgB	D-fructose-1,6-bisphosphate	1	
BSU28900	lrgB	Glucose-6-Phosphate	1	
BSU28900	lrgB	unk	0	
BSU24570	gcvT	Glycine	0	
BSU24570	gcvT	tRNAgly	-1	
BSU03020	ycgA	GTP	1	
BSU03020	ycgA	isoleucine	1	
BSU03020	ycgA	valine	1	
BSU03359	yczL	Zinc	1	
BSU28470	lysC	Lysine	1	
BSU05890	ydhU	Iron	1	
BSU23150	resA	Menaquinone	1	
BSU23150	resA	phosphate	-1	
BSU23150	resA	D-fructose-1,6-bisphosphate	1	
BSU23150	resA	Glucose-6-Phosphate	1	
BSU30740	mntD	Mn	1	
BSU09990	scoC	GTP	1	
BSU09990	scoC	isoleucine	1	
BSU09990	scoC	valine	1	
BSU34830	yvzA	unk	-1	
BSU15100	ylbP	D-fructose-1,6-bisphosphate	1	
BSU15100	ylbP	Glucose-6-Phosphate	1	
BSU07850	yfkM	Iron	1	
BSU23520	fur	Hydrogen_peroxide::stress	-1	
BSU32850	fadM	Sdpc	1	
BSU32850	fadM	Palmitoyl-CoA	1	
BSU32850	fadM	Oleoyl-CoA	0	
BSU39480	yxeO	O-acetyl-L-serine	-1	
BSU39480	yxeO	Thiol_specific_oxidative_stress::stress	1	
BSU31580	maeN	Malate::extracellular	1	
BSU37680	ywfH	GTP	1	
BSU37680	ywfH	isoleucine	1	
BSU37680	ywfH	valine	1	
BSU17570	xynP	Xylose	-1	
BSU17570	xynP	D-fructose-1,6-bisphosphate	1	
BSU17570	xynP	Glucose-6-Phosphate	1	
BSU27850	nadA	Niacin	1	
BSU28710	cstA	D-fructose-1,6-bisphosphate	1	
BSU28710	cstA	Glucose-6-Phosphate	1	
BSU32740	metP	S-adenosyl-L-methionine	-1	
BSU32740	metP	GTP	1	
BSU32740	metP	isoleucine	1	
BSU32740	metP	valine	1	
BSU30690	ytiB	Zinc	1	
BSU01920	skfB	phosphate	-1	
BSU06690	gatB	tRNAgln	-1	
BSU06690	gatB	GTP	1	
BSU06690	gatB	isoleucine	1	
BSU06690	gatB	valine	1	
BSU06690	gatB	D-fructose-1,6-bisphosphate	1	
BSU06690	gatB	Glucose-6-Phosphate	1	
BSU06680	gatA	tRNAgln	-1	
BSU06680	gatA	GTP	1	
BSU06680	gatA	isoleucine	1	
BSU06680	gatA	valine	1	
BSU06680	gatA	D-fructose-1,6-bisphosphate	1	
BSU06680	gatA	Glucose-6-Phosphate	1	
BSU00770	sul	Tryptophan	1	
BSU03300	nasD	Glutamine	-1	
BSU03300	nasD	Menaquinone	1	
BSU03300	nasD	Nitricoxide	-1	
BSU03300	nasD	Iron	1	
BSU03300	nasD	GTP	1	
BSU03300	nasD	isoleucine	1	
BSU03300	nasD	valine	1	
BSU02370	ybgA	D-glucosamine-6-phosphate	-1	
BSU02370	ybgA	GTP	1	
BSU02370	ybgA	isoleucine	1	
BSU02370	ybgA	valine	1	
BSU03450	hxlB	Formaldehyde::stress	1	
BSU37650	cysL	unk	-1	
BSU37650	cysL	Flavonoids::stress	-1	
BSU24160	mmgB	D-fructose-1,6-bisphosphate	1	
BSU24160	mmgB	Glucose-6-Phosphate	1	
BSU39380	hutG	Histidine	1	
BSU39380	hutG	GTP	1	
BSU39380	hutG	isoleucine	1	
BSU39380	hutG	valine	1	
BSU39380	hutG	D-fructose-1,6-bisphosphate	1	
BSU39380	hutG	Glucose-6-Phosphate	1	
BSU22140	kduD	2-keto-3-deoxygluconate	-1	
BSU22140	kduD	D-fructose-1,6-bisphosphate	1	
BSU22140	kduD	Glucose-6-Phosphate	1	
BSU09540	plsC	Malonyl-CoA	-1	
BSU10170	fabHB	Malonyl-CoA	-1	
BSU14629	ykzW	unk	0	
BSU29700	acuB	D-fructose-1,6-bisphosphate	1	
BSU29700	acuB	Glucose-6-Phosphate	1	
BSU29700	acuB	GTP	1	
BSU29700	acuB	isoleucine	1	
BSU29700	acuB	valine	1	
BSU32930	yusU	Iron	1	
BSU29320	ytnI	unk	1	
BSU29320	ytnI	O-acetyl-L-serine	-1	
BSU29320	ytnI	Thiol_specific_oxidative_stress::stress	1	
BSU15880	fapR	Malonyl-CoA	-1	
BSU15880	fapR	ComX	1	
BSU03640	ubiD	Salicylate::stress	1	
BSU39690	iolH	2-deoxy-5-keto-D-gluconic-acid-6-phosphate	-1	
BSU39690	iolH	D-fructose-1,6-bisphosphate	1	
BSU39690	iolH	Glucose-6-Phosphate	1	
BSU12890	ykcC	unk	0	
BSU12890	ykcC	unk	-1	
BSU25270	glyQ	tRNAgly	-1	
BSU31180	yulE	L-rhamnulose-1-phosphate	-1	
BSU14140	ccpC	D-fructose-1,6-bisphosphate	1	
BSU14140	ccpC	Glucose-6-Phosphate	1	
BSU14140	ccpC	Citrate	-1	
BSU38770	cimH	D-fructose-1,6-bisphosphate	1	
BSU38770	cimH	Glucose-6-Phosphate	1	
BSU34050	yvfV	Lactate	-1	
BSU30320	leuS	tRNAleu	-1	
BSU23580	ansA	asparagine	-1	
BSU28200	lonA	HeatShock	-1	
BSU09470	yhdH	GTP	1	
BSU09470	yhdH	isoleucine	1	
BSU09470	yhdH	valine	1	
BSU40120	yyzE	beta-glucoside-6-phosphate	-1	
BSU18540	yoaB	S-adenosyl-L-methionine	-1	
BSU31020	yuaF	GTP	1	
BSU31020	yuaF	isoleucine	1	
BSU31020	yuaF	valine	1	
BSU03740	yclI	unk	-1	
BSU39490	yxeN	O-acetyl-L-serine	-1	
BSU39490	yxeN	Thiol_specific_oxidative_stress::stress	1	
